-- phpMyAdmin SQL Dump
-- version 4.9.0.1
-- https://www.phpmyadmin.net/
--
-- Host: 127.0.0.1
-- Generation Time: Jul 23, 2019 at 11:53 PM
-- Server version: 10.3.16-MariaDB
-- PHP Version: 7.3.7

SET SQL_MODE = "NO_AUTO_VALUE_ON_ZERO";
SET AUTOCOMMIT = 0;
START TRANSACTION;
SET time_zone = "+00:00";


/*!40101 SET @OLD_CHARACTER_SET_CLIENT=@@CHARACTER_SET_CLIENT */;
/*!40101 SET @OLD_CHARACTER_SET_RESULTS=@@CHARACTER_SET_RESULTS */;
/*!40101 SET @OLD_COLLATION_CONNECTION=@@COLLATION_CONNECTION */;
/*!40101 SET NAMES utf8mb4 */;

--
-- Database: `eapi`
--

-- --------------------------------------------------------

--
-- Table structure for table `migrations`
--

CREATE TABLE `migrations` (
  `id` int(10) UNSIGNED NOT NULL,
  `migration` varchar(255) COLLATE utf8mb4_unicode_ci NOT NULL,
  `batch` int(11) NOT NULL
) ENGINE=InnoDB DEFAULT CHARSET=utf8mb4 COLLATE=utf8mb4_unicode_ci;

--
-- Dumping data for table `migrations`
--

INSERT INTO `migrations` (`id`, `migration`, `batch`) VALUES
(1, '2014_10_12_000000_create_users_table', 1),
(2, '2014_10_12_100000_create_password_resets_table', 1),
(3, '2019_07_23_205223_create_products_table', 1);

-- --------------------------------------------------------

--
-- Table structure for table `password_resets`
--

CREATE TABLE `password_resets` (
  `email` varchar(255) COLLATE utf8mb4_unicode_ci NOT NULL,
  `token` varchar(255) COLLATE utf8mb4_unicode_ci NOT NULL,
  `created_at` timestamp NULL DEFAULT NULL
) ENGINE=InnoDB DEFAULT CHARSET=utf8mb4 COLLATE=utf8mb4_unicode_ci;

-- --------------------------------------------------------

--
-- Table structure for table `products`
--

CREATE TABLE `products` (
  `id` bigint(20) UNSIGNED NOT NULL,
  `name` varchar(255) COLLATE utf8mb4_unicode_ci NOT NULL,
  `detail` text COLLATE utf8mb4_unicode_ci NOT NULL,
  `price` int(11) NOT NULL,
  `stock` int(11) NOT NULL,
  `discount` int(11) NOT NULL,
  `created_at` timestamp NULL DEFAULT NULL,
  `updated_at` timestamp NULL DEFAULT NULL
) ENGINE=InnoDB DEFAULT CHARSET=utf8mb4 COLLATE=utf8mb4_unicode_ci;

--
-- Dumping data for table `products`
--

INSERT INTO `products` (`id`, `name`, `detail`, `price`, `stock`, `discount`, `created_at`, `updated_at`) VALUES
(1, 'odit', 'Ut iusto magni velit consequatur. Alias quia atque sunt consequatur. Ducimus ut architecto atque vel sunt. Neque earum est quis fugit cum numquam.', 443, 9, 6, '2019-07-23 16:20:42', '2019-07-23 16:20:42'),
(2, 'qui', 'Vel autem tenetur vel sint. Sapiente expedita et aut nihil aut. Rerum sunt dolorem incidunt occaecati molestias cum doloribus. Exercitationem alias et ipsam voluptatem.', 831, 6, 9, '2019-07-23 16:20:42', '2019-07-23 16:20:42'),
(3, 'labore', 'Voluptatem odio placeat porro magnam. Et vel molestias vel ducimus et totam odio. Est sit ut expedita.', 981, 1, 9, '2019-07-23 16:20:42', '2019-07-23 16:20:42'),
(4, 'nihil', 'Esse aliquam ipsum fuga sequi. Expedita et molestiae praesentium est amet molestias. Odio ipsum est veniam ut itaque perspiciatis. Consequatur nisi vel sit qui beatae.', 874, 0, 29, '2019-07-23 16:20:42', '2019-07-23 16:20:42'),
(5, 'nam', 'Sed ad non voluptatibus occaecati quis. Ut et est ex est aspernatur enim. Impedit dolores perspiciatis qui atque. Numquam sit dolore deserunt adipisci et qui. Velit cupiditate dicta itaque voluptatem saepe dolores esse.', 960, 0, 24, '2019-07-23 16:20:42', '2019-07-23 16:20:42'),
(6, 'modi', 'Ut placeat inventore rerum aliquam. Quia dolorem voluptate dolores magni fugiat. Aut natus ipsa qui. Sit voluptatum atque consequuntur sunt sint et officia sit.', 887, 8, 23, '2019-07-23 16:20:42', '2019-07-23 16:20:42'),
(7, 'sequi', 'Repudiandae adipisci sit quia alias exercitationem veniam. Voluptas quam aliquid architecto incidunt. Quod eum cumque vero esse. Natus odio et et et aperiam maxime.', 261, 8, 13, '2019-07-23 16:20:42', '2019-07-23 16:20:42'),
(8, 'reprehenderit', 'Temporibus amet deleniti dolorem esse quia soluta voluptatem. Eos at suscipit quam eos. Autem nesciunt itaque ratione qui aut.', 198, 0, 16, '2019-07-23 16:20:42', '2019-07-23 16:20:42'),
(9, 'sed', 'Temporibus molestiae aut ipsum est quod et nulla fugit. Eum quia ut eos occaecati tenetur. Laborum ea in magni tempora et.', 457, 9, 25, '2019-07-23 16:20:42', '2019-07-23 16:20:42'),
(10, 'distinctio', 'Repudiandae numquam et officia ut aut illo. Molestias est perferendis id earum amet. Illum non dolorem unde praesentium.', 671, 4, 29, '2019-07-23 16:20:42', '2019-07-23 16:20:42'),
(11, 'quod', 'Ut exercitationem dolorem totam alias optio perspiciatis. Error fuga iste animi sit aut. Vitae cum est earum possimus. Deleniti aliquam dicta dolorem placeat velit dolorem eos. Deleniti ullam beatae doloremque veritatis suscipit explicabo est.', 740, 8, 28, '2019-07-23 16:20:42', '2019-07-23 16:20:42'),
(12, 'suscipit', 'Sequi omnis iure hic qui. Voluptatum vitae necessitatibus ut laudantium. Dolor praesentium similique consectetur itaque.', 331, 8, 10, '2019-07-23 16:20:42', '2019-07-23 16:20:42'),
(13, 'ut', 'Qui aut autem autem quaerat et. Veniam tenetur sit incidunt et illum quod dolorem. Optio eos pariatur molestias ex. Ut quo velit qui tenetur non asperiores.', 335, 4, 8, '2019-07-23 16:20:42', '2019-07-23 16:20:42'),
(14, 'odio', 'Excepturi animi culpa quia hic sint. Vitae quisquam consequatur labore ut hic rem et. Laboriosam non et assumenda et. Minima magnam inventore animi deleniti.', 789, 7, 16, '2019-07-23 16:20:43', '2019-07-23 16:20:43'),
(15, 'id', 'Eaque earum sit est ut. Consectetur ipsa quos ipsum ut est. Nam consequatur ea minima praesentium.', 224, 4, 20, '2019-07-23 16:20:43', '2019-07-23 16:20:43'),
(16, 'voluptatem', 'Eius odit dignissimos ea rerum odit facere suscipit. Quisquam similique facere rerum nisi et distinctio.', 123, 4, 26, '2019-07-23 16:20:43', '2019-07-23 16:20:43'),
(17, 'dolor', 'Enim commodi quo cupiditate non natus asperiores. Dolores nobis est sed saepe labore. Perspiciatis rerum enim quis. Explicabo velit itaque aut culpa facilis.', 689, 4, 18, '2019-07-23 16:20:43', '2019-07-23 16:20:43'),
(18, 'sapiente', 'Natus distinctio dolore qui sequi quod aut. Iusto maxime quia temporibus eligendi doloribus quia. Quasi autem minima iure rerum commodi voluptas. A eos quaerat consequatur eaque.', 127, 0, 19, '2019-07-23 16:20:43', '2019-07-23 16:20:43'),
(19, 'sit', 'Quae commodi delectus at. Aut est quaerat pariatur culpa accusamus numquam cum error. Voluptatem sit eos cum quia perspiciatis. Tempore quia omnis vel voluptas molestiae blanditiis vel. Accusamus sit voluptate iusto culpa laudantium et optio.', 436, 7, 12, '2019-07-23 16:20:43', '2019-07-23 16:20:43'),
(20, 'doloribus', 'Quae eos placeat autem tenetur officia deleniti. Et nesciunt non et consequatur magnam. Voluptatem consequatur harum natus blanditiis doloribus. Nemo fugiat neque est voluptas quidem nihil exercitationem.', 955, 9, 21, '2019-07-23 16:20:43', '2019-07-23 16:20:43'),
(21, 'tenetur', 'Aut facere ab alias adipisci facere consectetur aperiam. Veniam et consequuntur cum omnis mollitia et. Impedit qui nihil ea sapiente molestias.', 424, 6, 3, '2019-07-23 16:20:43', '2019-07-23 16:20:43'),
(22, 'dignissimos', 'Veniam quia veritatis sapiente laudantium velit ipsa. Dolor voluptatem quidem id maxime provident quaerat. Laudantium sequi quam nostrum qui libero architecto soluta eius. Voluptatibus veritatis voluptatem quas debitis quidem unde voluptatum.', 245, 0, 25, '2019-07-23 16:20:44', '2019-07-23 16:20:44'),
(23, 'quidem', 'Repellat laborum nam accusamus aliquid. Molestiae accusantium autem voluptatem hic. Rerum non eligendi at ut consectetur.', 146, 0, 12, '2019-07-23 16:20:44', '2019-07-23 16:20:44'),
(24, 'reprehenderit', 'Eos sit ad a amet soluta maiores quia. Similique sequi eaque ex provident. Corporis architecto non sunt esse consequatur. Ipsa sed sunt qui adipisci fugiat amet accusamus.', 690, 9, 6, '2019-07-23 16:20:44', '2019-07-23 16:20:44'),
(25, 'sequi', 'Maxime minus consequatur quae ipsa. Porro repudiandae id deleniti vel reprehenderit molestiae. Tenetur at qui cupiditate sequi autem atque consectetur suscipit.', 704, 6, 24, '2019-07-23 16:20:44', '2019-07-23 16:20:44'),
(26, 'fugiat', 'Quae voluptatem facilis minus dolorem quia ut maxime. Ut reiciendis accusamus sunt eos numquam itaque sit. Corrupti magnam voluptatem quibusdam vero nobis sint. Occaecati qui consequatur eaque ut voluptatem assumenda. Cumque quis nobis placeat similique earum est.', 456, 3, 20, '2019-07-23 16:20:44', '2019-07-23 16:20:44'),
(27, 'velit', 'Est et et et quia asperiores. Quos minima qui nobis. Et sed nam error assumenda molestiae. Aut vel ipsam doloribus consequuntur consequatur temporibus.', 242, 5, 29, '2019-07-23 16:20:44', '2019-07-23 16:20:44'),
(28, 'consequatur', 'Nihil officia quos sint temporibus itaque. Soluta aperiam non quidem recusandae odio natus. Nulla ut minima quia.', 370, 4, 19, '2019-07-23 16:20:44', '2019-07-23 16:20:44'),
(29, 'aut', 'Incidunt fuga quod deserunt. Adipisci qui ut explicabo quas est quasi. Libero tenetur quo ducimus rerum eum vel aut. Inventore qui asperiores et et consequatur.', 626, 5, 29, '2019-07-23 16:20:44', '2019-07-23 16:20:44'),
(30, 'amet', 'Qui sit molestias reprehenderit neque odit. Vel omnis saepe voluptatem consequatur alias qui. Ad et quidem totam eos. Quo eum perferendis eos.', 496, 3, 28, '2019-07-23 16:20:44', '2019-07-23 16:20:44'),
(31, 'non', 'Temporibus possimus temporibus sed nulla illum. Consectetur voluptatum soluta placeat nihil consequatur sed eveniet dignissimos. Atque occaecati eveniet libero sit.', 753, 4, 19, '2019-07-23 16:20:44', '2019-07-23 16:20:44'),
(32, 'at', 'Et eligendi omnis dolore laudantium sed. Incidunt error ab et. Enim magnam ex voluptates id cumque culpa voluptatibus. Adipisci cupiditate ex necessitatibus quam et qui. Illum ipsa enim id.', 605, 6, 16, '2019-07-23 16:20:44', '2019-07-23 16:20:44'),
(33, 'doloribus', 'Suscipit eius est sequi dolorem optio voluptatem et. Non aut velit doloremque mollitia occaecati voluptatem debitis cum. Aperiam sit officia possimus. Modi ea qui ex recusandae aut exercitationem quae.', 819, 4, 29, '2019-07-23 16:20:44', '2019-07-23 16:20:44'),
(34, 'neque', 'Veritatis eveniet nisi perferendis veritatis ut tempore. Ea accusamus id aut deserunt est. Nulla qui non ullam enim quaerat dolorem ad qui. Fuga consectetur dicta expedita.', 530, 3, 4, '2019-07-23 16:20:44', '2019-07-23 16:20:44'),
(35, 'in', 'Culpa animi accusamus quasi et ea. Est possimus dicta provident consequatur incidunt quos delectus. Enim non iure officia velit cum enim quis. Temporibus tenetur fugiat repellat magni.', 420, 1, 8, '2019-07-23 16:20:44', '2019-07-23 16:20:44'),
(36, 'possimus', 'Harum non quisquam voluptatem error optio. Veniam velit asperiores esse magnam. Minus nulla quas ipsam modi ad voluptatum.', 283, 9, 7, '2019-07-23 16:20:44', '2019-07-23 16:20:44'),
(37, 'accusamus', 'Quos sed dolores voluptas eos. Consequatur quisquam ea et aut qui. Ut occaecati minima sed suscipit quisquam doloribus eveniet.', 557, 6, 27, '2019-07-23 16:20:44', '2019-07-23 16:20:44'),
(38, 'perferendis', 'Sit aut laudantium temporibus est. Fuga soluta voluptas sint voluptas. Impedit possimus vel molestiae.', 452, 1, 15, '2019-07-23 16:20:44', '2019-07-23 16:20:44'),
(39, 'odio', 'Omnis enim non tenetur et architecto nesciunt repellat. Architecto dolores magni nobis libero consequuntur non. Quae laudantium molestias aliquam quia.', 184, 0, 3, '2019-07-23 16:20:44', '2019-07-23 16:20:44'),
(40, 'sed', 'Ducimus id consequuntur reiciendis odio hic ad. Et non officia voluptatem impedit. Minus quia nihil deserunt quasi molestiae est et. Necessitatibus vero perspiciatis quo debitis qui.', 902, 2, 28, '2019-07-23 16:20:44', '2019-07-23 16:20:44'),
(41, 'sequi', 'Veniam quo et ratione praesentium maxime. Est sed odit quidem enim ut at. Modi voluptate quis voluptatum deserunt.', 440, 3, 13, '2019-07-23 16:20:44', '2019-07-23 16:20:44'),
(42, 'non', 'Eius officia aut cum culpa perspiciatis reprehenderit ipsam dolores. Harum deleniti facilis unde officiis ut. Ex magnam non voluptas et harum adipisci tempore aut. Animi nesciunt accusamus sit eos distinctio. Quisquam architecto ipsam temporibus.', 900, 5, 28, '2019-07-23 16:20:44', '2019-07-23 16:20:44'),
(43, 'est', 'Blanditiis dolores labore voluptas earum dolor consequatur autem quis. Odit corrupti voluptas sed laudantium impedit. Nulla error fugit distinctio excepturi.', 585, 8, 30, '2019-07-23 16:20:45', '2019-07-23 16:20:45'),
(44, 'sit', 'Autem est praesentium ut praesentium. Fugiat est quos cum laboriosam dolorem praesentium. Sed nam aliquam sint voluptatem modi soluta quia.', 449, 2, 2, '2019-07-23 16:20:45', '2019-07-23 16:20:45'),
(45, 'non', 'Nisi dolor qui corrupti dolorum ut eaque. Iusto rerum eaque porro adipisci. Laudantium pariatur iusto eum dolores rerum mollitia.', 617, 2, 21, '2019-07-23 16:20:45', '2019-07-23 16:20:45'),
(46, 'molestiae', 'Voluptatem maiores eos ex nihil adipisci commodi inventore. Soluta autem optio voluptatem error est unde qui. Ipsam ratione aliquid voluptatem nulla illum est et.', 611, 1, 22, '2019-07-23 16:20:45', '2019-07-23 16:20:45'),
(47, 'consequatur', 'Sed repellat quia voluptate exercitationem ipsum molestiae. Fugiat aut rem dolor cumque aliquam. Ipsam aut corporis adipisci sint quisquam.', 154, 6, 19, '2019-07-23 16:20:45', '2019-07-23 16:20:45'),
(48, 'reprehenderit', 'Quas sed nihil qui temporibus inventore qui distinctio. Porro ullam odio quia consectetur doloremque atque sit. Facilis similique non nihil qui. Illo quas molestiae cum et ut.', 859, 5, 4, '2019-07-23 16:20:45', '2019-07-23 16:20:45'),
(49, 'nobis', 'Quo consequatur temporibus quis consequatur vitae odit. Fuga pariatur voluptatem consequatur beatae vel nemo neque. Est quibusdam numquam at illum.', 837, 3, 18, '2019-07-23 16:20:45', '2019-07-23 16:20:45'),
(50, 'quia', 'Laudantium enim est et vel molestiae totam eum. Nostrum maxime in sint tempora.', 781, 8, 12, '2019-07-23 16:20:45', '2019-07-23 16:20:45');

-- --------------------------------------------------------

--
-- Table structure for table `reviews`
--

CREATE TABLE `reviews` (
  `id` bigint(20) UNSIGNED NOT NULL,
  `product_id` int(10) UNSIGNED NOT NULL,
  `customer` varchar(255) COLLATE utf8mb4_unicode_ci NOT NULL,
  `review` text COLLATE utf8mb4_unicode_ci NOT NULL,
  `star` int(11) NOT NULL,
  `created_at` timestamp NULL DEFAULT NULL,
  `updated_at` timestamp NULL DEFAULT NULL
) ENGINE=InnoDB DEFAULT CHARSET=utf8mb4 COLLATE=utf8mb4_unicode_ci;

--
-- Dumping data for table `reviews`
--

INSERT INTO `reviews` (`id`, `product_id`, `customer`, `review`, `star`, `created_at`, `updated_at`) VALUES
(1, 28, 'Maurice Gerhold', 'Est aliquid exercitationem commodi sequi sint. Nihil magni voluptates a ratione mollitia quaerat. Dolor velit nihil quos voluptas quaerat.', 2, '2019-07-23 16:20:46', '2019-07-23 16:20:46'),
(2, 28, 'Prof. Janis Howell I', 'Facilis dicta laboriosam velit totam sunt. Laudantium nemo qui reprehenderit nisi. Eos fugiat officiis enim sint eos sed.', 3, '2019-07-23 16:20:46', '2019-07-23 16:20:46'),
(3, 42, 'Dr. August Bashirian IV', 'Facilis eos temporibus suscipit veritatis quis atque. Qui ea nesciunt aut in aut. Aut voluptate quaerat id maxime dicta aspernatur animi aperiam. Consequatur commodi et sint dolorem sit mollitia cumque. Praesentium earum quia non odio voluptatibus distinctio maiores eum.', 1, '2019-07-23 16:20:46', '2019-07-23 16:20:46'),
(4, 30, 'Brisa Wunsch', 'Aut non reiciendis adipisci vero voluptatum ex id. Blanditiis mollitia eius omnis praesentium autem. Molestias blanditiis voluptatum nihil aut dolorum consequatur esse. Unde nulla quia iure beatae.', 5, '2019-07-23 16:20:46', '2019-07-23 16:20:46'),
(5, 19, 'Bertha Morar', 'Eum nesciunt excepturi dolorum illo voluptate laborum. Quia nostrum eaque dolore architecto ut. Sit eum voluptate eos facere corporis. Nobis ut commodi mollitia sint qui expedita reprehenderit.', 3, '2019-07-23 16:20:46', '2019-07-23 16:20:46'),
(6, 13, 'Whitney West', 'Nesciunt sequi veniam et molestiae sit non ut. Voluptate veniam velit aut numquam ipsum reiciendis. Rerum doloribus iusto expedita sit.', 3, '2019-07-23 16:20:46', '2019-07-23 16:20:46'),
(7, 44, 'Ms. Elsa Becker', 'Tempora ex dolore quasi magnam et ratione ipsum. Beatae ut in ut animi ad et ea. Iure ratione numquam qui non debitis. Esse nobis quas voluptatem illum.', 0, '2019-07-23 16:20:47', '2019-07-23 16:20:47'),
(8, 21, 'Mrs. Briana Lakin MD', 'Nihil eaque at omnis voluptate. Nulla molestiae sit et ipsum. Nihil nemo ullam sint. Veniam qui a ex officiis optio corrupti.', 1, '2019-07-23 16:20:47', '2019-07-23 16:20:47'),
(9, 13, 'Miss Cortney Crist II', 'Facilis officia dolorem non consequuntur. Autem modi et velit ullam eum. Fugit repudiandae velit assumenda quia ut officiis debitis. In et incidunt explicabo dolores.', 2, '2019-07-23 16:20:47', '2019-07-23 16:20:47'),
(10, 25, 'Amaya Fadel', 'Nam nihil sunt quasi qui quo aut suscipit rerum. Est impedit sapiente et nihil quae. Aut modi occaecati voluptatem recusandae corrupti consectetur tempore.', 2, '2019-07-23 16:20:47', '2019-07-23 16:20:47'),
(11, 46, 'Iliana Hammes', 'Reiciendis eaque ex illo quae. Quis culpa officia ut ipsam explicabo sint at. Omnis velit nesciunt maiores rerum provident ducimus rerum quae.', 5, '2019-07-23 16:20:47', '2019-07-23 16:20:47'),
(12, 42, 'Justyn Schamberger', 'Et nesciunt consequatur omnis neque omnis. Cumque dolore corrupti animi et neque. Dolorum harum non laboriosam non autem.', 2, '2019-07-23 16:20:47', '2019-07-23 16:20:47'),
(13, 47, 'Julianne Reilly', 'Quas accusantium dolores sed quis officiis veniam. Accusantium deleniti molestiae illo. Aut atque dignissimos ipsum debitis.', 2, '2019-07-23 16:20:47', '2019-07-23 16:20:47'),
(14, 17, 'Arvilla Yost IV', 'Aut fugiat est officia minima. Veniam voluptas exercitationem eius sed tempora dolorum nesciunt ut. Voluptas libero enim asperiores ab. Qui alias sit vero eius quasi ipsum.', 0, '2019-07-23 16:20:47', '2019-07-23 16:20:47'),
(15, 39, 'Natasha Murray', 'Tenetur quibusdam illum sint rerum distinctio quis nihil. Nulla omnis temporibus mollitia laborum et velit exercitationem. Quis accusantium illo quo odio. Et tempora id est consectetur. Earum omnis nesciunt explicabo iste.', 4, '2019-07-23 16:20:47', '2019-07-23 16:20:47'),
(16, 29, 'Michelle Durgan', 'Temporibus aut et qui. Vel deserunt excepturi corrupti voluptatem reiciendis. Sit nihil commodi sed nesciunt qui est.', 2, '2019-07-23 16:20:47', '2019-07-23 16:20:47'),
(17, 33, 'Paige Jacobson', 'Voluptatem aut aut et nihil. Sapiente explicabo aut dolores exercitationem. Eum modi quo dignissimos vitae.', 2, '2019-07-23 16:20:47', '2019-07-23 16:20:47'),
(18, 41, 'Ofelia Wintheiser', 'Expedita perferendis dolor qui molestias pariatur vero id. Qui nobis deleniti quia dolorem aut dicta suscipit. Aut id quae laborum.', 5, '2019-07-23 16:20:47', '2019-07-23 16:20:47'),
(19, 7, 'Vernice Hodkiewicz IV', 'Veritatis accusantium error cumque voluptas. Omnis et provident molestiae autem maiores rerum debitis. Repudiandae ipsa doloremque eveniet iusto qui officia id.', 3, '2019-07-23 16:20:47', '2019-07-23 16:20:47'),
(20, 35, 'Dovie Ebert', 'Rerum id qui omnis suscipit ipsam. Consequatur ea eaque mollitia libero officiis inventore iure. Corporis eaque est harum corrupti. Esse temporibus et qui est qui aliquam quis voluptas.', 3, '2019-07-23 16:20:47', '2019-07-23 16:20:47'),
(21, 39, 'Ulises Corwin MD', 'Est soluta qui qui dolor maiores aliquid odit. Magnam iure quo odit vel porro repellendus. Deserunt explicabo nisi hic modi incidunt. Explicabo molestiae consequatur eius quas ut enim provident. Voluptatem excepturi ut debitis veritatis.', 3, '2019-07-23 16:20:47', '2019-07-23 16:20:47'),
(22, 8, 'Erich Senger', 'Quis cupiditate et tenetur. Est ipsam ea neque. Aperiam magnam consequatur sed reprehenderit fugiat qui tempore.', 3, '2019-07-23 16:20:47', '2019-07-23 16:20:47'),
(23, 46, 'Aniya Hettinger', 'Corrupti accusantium consequatur dolores sed dignissimos. Fugit impedit enim eveniet perferendis occaecati. Dicta porro magnam aut sunt.', 3, '2019-07-23 16:20:47', '2019-07-23 16:20:47'),
(24, 4, 'Ms. Glenna Walter', 'Qui ex esse quis nihil et sapiente. Cupiditate quia enim nemo et autem nisi. Eum quia quia vero optio unde tenetur autem.', 5, '2019-07-23 16:20:47', '2019-07-23 16:20:47'),
(25, 2, 'Elinor Stroman', 'Voluptate repellendus consectetur provident fugiat qui. Rerum recusandae reprehenderit atque et. Iure nisi quo totam enim quasi et sit. Eveniet suscipit rerum libero.', 4, '2019-07-23 16:20:47', '2019-07-23 16:20:47'),
(26, 22, 'Mr. Pedro Rowe', 'Reprehenderit id debitis quos aut distinctio delectus dolore. Magnam distinctio et qui iste voluptas magni. Dicta non unde quo ut et.', 0, '2019-07-23 16:20:47', '2019-07-23 16:20:47'),
(27, 46, 'Laurianne McCullough MD', 'Suscipit assumenda illum beatae enim officiis aut accusamus. Similique fuga necessitatibus iusto adipisci omnis excepturi.', 4, '2019-07-23 16:20:47', '2019-07-23 16:20:47'),
(28, 44, 'Dr. Eric Stiedemann I', 'Distinctio ipsum ut aspernatur fugiat necessitatibus aut quos distinctio. Officia debitis magnam reiciendis incidunt. In hic ut ipsum deleniti esse.', 4, '2019-07-23 16:20:48', '2019-07-23 16:20:48'),
(29, 3, 'Mrs. Estelle Jacobs', 'Tempora perferendis nihil et eligendi repellendus at omnis. Recusandae velit repellendus nesciunt unde quia aut est omnis. Alias non perspiciatis et eos assumenda. Voluptatibus et sunt dolor dolor voluptate ea totam.', 1, '2019-07-23 16:20:48', '2019-07-23 16:20:48'),
(30, 36, 'Janelle Rippin', 'Reprehenderit ut est aliquid ducimus in quas enim ipsam. Sint dolorum ducimus et vel dolorem aperiam. Et pariatur officia et vel beatae aut ut adipisci. Debitis dolorem in nihil totam.', 4, '2019-07-23 16:20:48', '2019-07-23 16:20:48'),
(31, 37, 'Bryon Wiza', 'Ut autem consequatur veniam voluptates sit non. Blanditiis et optio id amet sunt a. Praesentium maxime ipsam qui itaque. At ea aliquam et cum facere. Explicabo animi ea ea eos.', 4, '2019-07-23 16:20:48', '2019-07-23 16:20:48'),
(32, 8, 'Ethyl Treutel', 'Quae deleniti ipsa dolores error neque tenetur modi nisi. Et laborum tenetur ipsum asperiores.', 3, '2019-07-23 16:20:48', '2019-07-23 16:20:48'),
(33, 19, 'Alvis Sanford I', 'Quia provident accusantium culpa non sapiente at culpa. Adipisci ut et officiis dolor. Placeat quidem ducimus aut delectus. Aspernatur minus tempore maxime nisi praesentium.', 3, '2019-07-23 16:20:48', '2019-07-23 16:20:48'),
(34, 31, 'Lyla Kiehn', 'Amet pariatur a ratione voluptas natus optio odit. Sed reiciendis eligendi sint facilis aut tempora eaque quia. Nobis sapiente recusandae aut voluptas sunt.', 4, '2019-07-23 16:20:48', '2019-07-23 16:20:48'),
(35, 15, 'Mr. Lloyd Bernier', 'Quidem eius cupiditate ut veritatis voluptatem. Iste corporis architecto libero temporibus unde veniam sed. Provident et rerum nostrum hic ad aut quae. Repudiandae sunt cum pariatur ratione maiores et.', 3, '2019-07-23 16:20:48', '2019-07-23 16:20:48'),
(36, 42, 'Cortez Gulgowski', 'Quis occaecati accusamus consectetur cum aspernatur atque. Omnis dolores sed ut corporis quidem corporis libero. Cum quia minima quidem voluptatibus. Eum tenetur voluptas atque rem provident. Quod molestias delectus fugiat et cum ipsum.', 3, '2019-07-23 16:20:48', '2019-07-23 16:20:48'),
(37, 44, 'Jedediah McGlynn', 'Vel deserunt facere explicabo quia id. Atque sit voluptatibus ullam nesciunt. Incidunt in est laudantium aut quam nostrum non. Aut provident eos ipsam eos aut pariatur.', 1, '2019-07-23 16:20:48', '2019-07-23 16:20:48'),
(38, 39, 'Dr. Alfonso Simonis', 'Officiis magni voluptatibus voluptatem sequi voluptates consequuntur. Dolores sit aperiam deserunt sed blanditiis. Vitae est qui accusantium voluptatibus perspiciatis.', 2, '2019-07-23 16:20:48', '2019-07-23 16:20:48'),
(39, 4, 'Annabel Considine', 'Quam quia alias facilis aliquid et rerum consequatur. Aut voluptatibus consequatur explicabo sit nam optio. Nulla sint qui est molestias aut beatae veniam aut. Nihil minima laborum iste incidunt vero sapiente unde quidem.', 0, '2019-07-23 16:20:48', '2019-07-23 16:20:48'),
(40, 32, 'Dr. Sophia Koepp II', 'Sit placeat dolore libero assumenda fugit ex. Omnis eligendi beatae itaque ipsa. Quaerat et id aut dolores cum ea.', 1, '2019-07-23 16:20:48', '2019-07-23 16:20:48'),
(41, 25, 'Giovanny Conn', 'Accusantium fugit voluptatibus corrupti quod molestiae impedit. Sapiente explicabo repellendus vitae enim at quis. Ex reprehenderit ut mollitia porro.', 0, '2019-07-23 16:20:48', '2019-07-23 16:20:48'),
(42, 48, 'Dulce Keeling', 'In in aut ratione itaque. Et suscipit fuga incidunt blanditiis qui temporibus quasi optio. Dolor sint quas architecto labore. In ullam alias tenetur.', 2, '2019-07-23 16:20:49', '2019-07-23 16:20:49'),
(43, 1, 'Kasandra Dickinson', 'Nihil laborum ut dolor eligendi. Et praesentium iste reiciendis numquam suscipit ullam sint. Ea quaerat voluptatem ut veniam corrupti cupiditate. Earum repudiandae reprehenderit molestiae aperiam dolorem.', 4, '2019-07-23 16:20:49', '2019-07-23 16:20:49'),
(44, 5, 'Omer Streich', 'Molestiae tempore iure eaque similique neque cumque repudiandae est. Quaerat aut labore doloribus tenetur nam. Expedita sequi quia qui consectetur inventore.', 0, '2019-07-23 16:20:49', '2019-07-23 16:20:49'),
(45, 36, 'Adrian Nitzsche', 'Id ad explicabo voluptatem quia. Id quas praesentium pariatur et velit temporibus labore. Sit esse et ab voluptate ut quasi debitis. Et labore esse sequi sit quos neque quaerat et.', 3, '2019-07-23 16:20:49', '2019-07-23 16:20:49'),
(46, 36, 'Pat Okuneva', 'A ipsa molestias dolorem aut cupiditate. Sed exercitationem maxime sit doloribus. Consequatur error aperiam perspiciatis eos rerum quis quis aut. Facilis ratione consequatur sint praesentium molestiae debitis tempore.', 5, '2019-07-23 16:20:49', '2019-07-23 16:20:49'),
(47, 34, 'Danika Wyman', 'Beatae porro deleniti qui distinctio. Mollitia et neque nemo iusto. Non facilis non officia asperiores unde sunt. Explicabo quia sunt animi veritatis deserunt est assumenda. Fuga recusandae officiis soluta et et occaecati nihil.', 0, '2019-07-23 16:20:49', '2019-07-23 16:20:49'),
(48, 4, 'Terrill Ebert', 'Iusto eius officia architecto iste nostrum non. Et accusantium perferendis et consequatur error quod. Corporis rerum optio ullam soluta.', 2, '2019-07-23 16:20:49', '2019-07-23 16:20:49'),
(49, 39, 'Dr. Miracle Ebert', 'Qui voluptas quo quis officiis tenetur. Eveniet et laudantium in ipsa est reprehenderit maiores et. Fuga ea ut quo consequatur corrupti laudantium. Repellendus explicabo fugiat architecto.', 3, '2019-07-23 16:20:49', '2019-07-23 16:20:49'),
(50, 36, 'Kayden Stehr', 'Aut suscipit incidunt similique repellat ut hic. Similique facilis natus nulla rem quas. Distinctio vel velit quo. Aperiam accusamus molestiae et voluptatem sapiente molestias.', 2, '2019-07-23 16:20:49', '2019-07-23 16:20:49'),
(51, 10, 'Syble Graham', 'Facere quis dolores voluptatem nulla. Aut fugit accusantium odit voluptas quisquam laboriosam. Aut mollitia ut quo ex autem quisquam aperiam at. Asperiores quasi at quos nostrum rem. Consequatur dolores ut maxime commodi est.', 2, '2019-07-23 16:20:49', '2019-07-23 16:20:49'),
(52, 12, 'Osvaldo Parker', 'Quo ab eius id sit ut magni. Distinctio nemo sint omnis ut. Iusto quidem et fuga at quia suscipit praesentium. Ea aut sed eaque qui quisquam voluptatem vel.', 4, '2019-07-23 16:20:49', '2019-07-23 16:20:49'),
(53, 25, 'Mariah Runolfsdottir', 'Enim non qui cumque aliquam consequatur iure asperiores facilis. Maiores architecto voluptatem mollitia rerum at et.', 4, '2019-07-23 16:20:49', '2019-07-23 16:20:49'),
(54, 28, 'Howell Pfeffer Jr.', 'Velit voluptatibus suscipit minus laudantium omnis eaque sunt. Id ut delectus ut molestiae est. Et sed aut corporis unde pariatur.', 0, '2019-07-23 16:20:49', '2019-07-23 16:20:49'),
(55, 3, 'Gerry Nader', 'Natus id voluptatum distinctio omnis vel veniam. Harum aperiam ut quisquam exercitationem nihil quibusdam iusto repellat. Minima et id doloremque consequatur rerum quae. Magni quia voluptas rerum culpa omnis et similique necessitatibus.', 1, '2019-07-23 16:20:49', '2019-07-23 16:20:49'),
(56, 44, 'Chelsie Monahan', 'Velit eum fuga id. Aut et quaerat mollitia porro occaecati doloremque. Eaque repellendus provident officiis ut. Corrupti et consequuntur aliquid accusamus cum provident.', 1, '2019-07-23 16:20:49', '2019-07-23 16:20:49'),
(57, 2, 'Easton Graham', 'Est quasi voluptates quod. Rerum qui reiciendis corrupti molestiae laudantium est tenetur. Voluptatem fugiat dolores et autem quia cupiditate. Ut quia sit numquam optio.', 1, '2019-07-23 16:20:49', '2019-07-23 16:20:49'),
(58, 15, 'Mr. Nash Hettinger V', 'Aut et earum voluptas ut enim earum officia quos. Est illo inventore ex voluptate quibusdam eos. Iure magnam quis sit quia maxime voluptate maiores.', 2, '2019-07-23 16:20:49', '2019-07-23 16:20:49'),
(59, 8, 'Vince Price', 'Quis et autem incidunt explicabo nam adipisci. Aliquam quos dolor voluptatem similique. Ducimus eos autem id pariatur voluptatem in. Sed quia aut laudantium impedit soluta.', 3, '2019-07-23 16:20:49', '2019-07-23 16:20:49'),
(60, 38, 'Maureen Stokes', 'Voluptatem tempore quia quo ut sit perferendis voluptatibus. Ducimus dicta rerum eos excepturi non sunt. Autem quia aspernatur nulla natus molestiae. Eligendi consequatur ut aliquid.', 3, '2019-07-23 16:20:50', '2019-07-23 16:20:50'),
(61, 17, 'Prof. Adolfo Rolfson', 'Neque similique sit sit aut. Adipisci quibusdam et aut quidem velit sunt. Iste aut magnam eos. Quis vel tempora quae ullam odio.', 5, '2019-07-23 16:20:50', '2019-07-23 16:20:50'),
(62, 36, 'Mr. Frank Hamill', 'Magnam amet minima harum architecto libero quis. Similique doloremque impedit labore exercitationem ut. Quia nostrum molestiae qui minima delectus.', 0, '2019-07-23 16:20:50', '2019-07-23 16:20:50'),
(63, 19, 'Mr. Erick Marvin', 'Reprehenderit consequatur iure voluptatem. Dignissimos ut pariatur nulla ea quia. Quod velit veritatis quo corporis. Voluptate ipsa provident ea ut.', 0, '2019-07-23 16:20:50', '2019-07-23 16:20:50'),
(64, 6, 'Andrew Strosin', 'Quam recusandae beatae recusandae vel velit voluptatem. Cum debitis tempore sint architecto. Aperiam ad aut eveniet fuga similique. Ut consequatur facilis dolores cupiditate.', 3, '2019-07-23 16:20:50', '2019-07-23 16:20:50'),
(65, 10, 'Prof. Beaulah Romaguera PhD', 'Animi architecto ducimus unde minima repellat. Aut alias quas et optio id. Pariatur natus molestiae delectus ipsam sunt. Ullam dolorem voluptatem impedit tempora et dignissimos.', 5, '2019-07-23 16:20:50', '2019-07-23 16:20:50'),
(66, 16, 'Vincenza Brown', 'Ex ad quia ut quia sapiente quas neque qui. Beatae et iste eos distinctio. Necessitatibus sequi qui voluptatem doloribus officiis. Autem est consequatur et.', 3, '2019-07-23 16:20:50', '2019-07-23 16:20:50'),
(67, 4, 'Fabian Kunde', 'Pariatur distinctio explicabo aut est. Sit nostrum et unde. Provident nihil eum temporibus debitis. Illo nam dolorem facilis rerum.', 4, '2019-07-23 16:20:50', '2019-07-23 16:20:50'),
(68, 2, 'Amaya Kemmer', 'Omnis excepturi modi velit rem. Dolores cum nemo porro incidunt quia unde veniam ullam. Culpa deleniti voluptatem rerum nobis corporis nesciunt mollitia ut. Eaque aut et ullam dolorem maxime.', 3, '2019-07-23 16:20:50', '2019-07-23 16:20:50'),
(69, 30, 'Laury McLaughlin', 'Nobis eius et ea rerum quasi. Nostrum consequatur sint esse et maxime. Excepturi amet laborum eius quod. Corrupti dolor nihil labore rerum sunt et esse.', 2, '2019-07-23 16:20:50', '2019-07-23 16:20:50'),
(70, 27, 'Cortez Torphy', 'Ducimus laudantium ipsum voluptas temporibus officia ab consequatur atque. Sed quia minima est et qui eaque sit. Est quia voluptate quaerat quis in rerum.', 5, '2019-07-23 16:20:50', '2019-07-23 16:20:50'),
(71, 41, 'Mr. Rodrigo Zboncak DVM', 'Quae officia sequi quaerat ea. Minima cumque numquam sit eos consequuntur temporibus. Reprehenderit error eum officiis explicabo officia dolorem voluptatum.', 1, '2019-07-23 16:20:50', '2019-07-23 16:20:50'),
(72, 32, 'Raina Considine', 'Recusandae similique beatae eius. Sint harum ad dolores at. Non sapiente eius beatae doloribus similique animi quas. Temporibus voluptas vero quis.', 1, '2019-07-23 16:20:50', '2019-07-23 16:20:50'),
(73, 47, 'Frederick Harber', 'Iusto minus ullam cumque tempora voluptatibus sit consectetur. Placeat expedita nulla reprehenderit sit reiciendis unde sequi. Aut facere corporis aut in qui ut quibusdam.', 0, '2019-07-23 16:20:50', '2019-07-23 16:20:50'),
(74, 41, 'Mrs. Suzanne Rice', 'Veniam quae quisquam cupiditate illum inventore. Quidem porro cupiditate veritatis facilis. Perferendis aperiam omnis nihil distinctio eaque illo vel. Deserunt unde aliquam optio placeat et.', 4, '2019-07-23 16:20:50', '2019-07-23 16:20:50'),
(75, 40, 'Mr. Marcelo Russel', 'Adipisci totam et nobis consequatur possimus. Quia quasi consectetur sed aliquid. Neque numquam aspernatur doloribus.', 3, '2019-07-23 16:20:50', '2019-07-23 16:20:50'),
(76, 18, 'Mrs. Karlee Corwin Sr.', 'Sed quasi dolores non aperiam sequi laborum. Deserunt qui et maxime. Et qui enim natus et.', 2, '2019-07-23 16:20:50', '2019-07-23 16:20:50'),
(77, 26, 'Aurelia Maggio', 'Illum voluptatem est quis temporibus. Repudiandae a dolore impedit vel quia. Ab quae minima consequuntur. Quaerat ut corrupti incidunt aut.', 0, '2019-07-23 16:20:50', '2019-07-23 16:20:50'),
(78, 8, 'Lorenz Swift', 'In laboriosam atque animi fugit labore voluptas. Ut repellendus omnis cupiditate laboriosam. Dolorem iusto itaque fugiat reprehenderit qui in quos.', 2, '2019-07-23 16:20:51', '2019-07-23 16:20:51'),
(79, 38, 'Danyka Johns', 'Ipsa quas et architecto id. Sunt voluptatem adipisci quibusdam fuga quisquam debitis eveniet. Aut quas et sint esse consequatur nihil ad quia. Recusandae molestiae totam maiores id in.', 3, '2019-07-23 16:20:51', '2019-07-23 16:20:51'),
(80, 28, 'Prof. Morris Waelchi Jr.', 'Cupiditate aut debitis nisi dolores vitae. Tempora sit culpa nihil minus dolorem illum. Necessitatibus quae accusantium deleniti ipsam sed voluptatem. Reprehenderit est maiores minus reprehenderit.', 2, '2019-07-23 16:20:51', '2019-07-23 16:20:51'),
(81, 32, 'Mrs. Asha Greenholt', 'Nostrum vitae nihil minima adipisci. Qui consequatur et officia deserunt. Et modi omnis ducimus odit blanditiis. Iste libero id cum laborum illum.', 2, '2019-07-23 16:20:51', '2019-07-23 16:20:51'),
(82, 33, 'Leif West', 'Aut voluptatum impedit id labore. Nulla dignissimos iusto earum laboriosam ducimus corporis. Quia odit corrupti neque nesciunt.', 4, '2019-07-23 16:20:51', '2019-07-23 16:20:51'),
(83, 29, 'Mr. Skylar Hermiston', 'Quia deleniti dolores exercitationem vel cumque. Eius harum ipsa vel est qui autem laboriosam. Vero tempore alias qui qui tenetur ipsa repudiandae. Voluptatem nemo nobis aut aliquid qui eius ut delectus. Nihil itaque molestiae repellat et magnam alias.', 2, '2019-07-23 16:20:51', '2019-07-23 16:20:51'),
(84, 8, 'Rosa Friesen', 'Pariatur dolore dolorum aut ipsum alias. Quia atque dolorum non sed. Aliquam est eum magni.', 2, '2019-07-23 16:20:51', '2019-07-23 16:20:51'),
(85, 17, 'Dr. Carolina McGlynn DDS', 'Quia odio quasi consequuntur beatae quasi enim. Nobis voluptate voluptatem illo. Eveniet minus aut doloribus facere.', 3, '2019-07-23 16:20:51', '2019-07-23 16:20:51'),
(86, 43, 'Claire Schinner II', 'Doloribus sequi cupiditate eos dolor. Voluptatem voluptatum eligendi reiciendis et quia maxime aperiam. Vel et qui voluptatibus non cupiditate ipsum.', 0, '2019-07-23 16:20:51', '2019-07-23 16:20:51'),
(87, 27, 'Dr. Urban Rutherford Jr.', 'Dolorum tempore temporibus officia aut facere et maiores. Dolores eos in quam. At autem consequuntur veritatis quo. Voluptas ratione illo at voluptas a fugit.', 3, '2019-07-23 16:20:51', '2019-07-23 16:20:51'),
(88, 34, 'Crystal Russel II', 'Fuga perferendis et velit. Quidem neque dolorem fuga. Eum autem nihil qui id ut aliquam. Aspernatur aut minus et nihil dignissimos laborum cumque.', 0, '2019-07-23 16:20:51', '2019-07-23 16:20:51'),
(89, 39, 'Armani Becker', 'Veritatis accusantium quae natus. Totam sit minus eum maiores voluptatem at voluptatem. Ea voluptatem quasi distinctio odit veniam.', 5, '2019-07-23 16:20:51', '2019-07-23 16:20:51'),
(90, 29, 'Lawrence Brekke V', 'Ab ab animi quas. Unde provident officiis quo hic. Numquam illum repellendus veritatis quibusdam.', 4, '2019-07-23 16:20:51', '2019-07-23 16:20:51'),
(91, 36, 'Bethany Strosin', 'Nemo ad ex saepe fuga laudantium beatae officiis. Ratione libero quo ducimus reprehenderit. Impedit repellat aut est. Molestiae exercitationem architecto quam ipsa ea et. Velit sed ut voluptatem ea facere.', 3, '2019-07-23 16:20:51', '2019-07-23 16:20:51'),
(92, 6, 'Orland Anderson DDS', 'Est possimus eum ut nam qui qui. Quia ullam temporibus dolores aut aut vel. Inventore provident voluptatibus quia qui. Animi ut culpa voluptas veritatis magni rerum.', 3, '2019-07-23 16:20:51', '2019-07-23 16:20:51'),
(93, 14, 'Josue Schroeder', 'Ex rerum et illum consequatur quod nam. Exercitationem quae esse odio saepe saepe error. Est voluptatum vel eum doloremque cupiditate illo animi temporibus.', 1, '2019-07-23 16:20:51', '2019-07-23 16:20:51'),
(94, 26, 'Neoma Von', 'Qui consequatur illum consequatur qui non architecto et. Ad ea nesciunt adipisci accusamus. Et neque sequi ratione ea unde molestiae quo et. Explicabo quia illo est corporis magnam.', 1, '2019-07-23 16:20:51', '2019-07-23 16:20:51'),
(95, 31, 'Jayda Walker', 'Iusto possimus cumque rerum deserunt. In non minima ea magnam magnam ducimus. Recusandae beatae ea cum rerum.', 1, '2019-07-23 16:20:51', '2019-07-23 16:20:51'),
(96, 23, 'Dariana Graham', 'Ut quia delectus aut quia ut quo ipsam consectetur. Dolorem aut voluptatem reiciendis eligendi necessitatibus aut quia. Nihil aut fugiat quo dolor. Officia architecto molestiae et eum fugit.', 3, '2019-07-23 16:20:52', '2019-07-23 16:20:52'),
(97, 32, 'Duane Crist', 'Omnis maxime hic sed et est ut. Quae dolores iusto voluptatum dignissimos. Occaecati natus voluptatem illo.', 5, '2019-07-23 16:20:52', '2019-07-23 16:20:52'),
(98, 4, 'Golden Krajcik', 'Et est vel occaecati quo qui inventore. Nobis vitae similique et omnis et ipsum. Tempore consequatur sint quia ut assumenda voluptatem. Saepe harum deserunt dolorem quae ipsam animi sunt.', 5, '2019-07-23 16:20:53', '2019-07-23 16:20:53'),
(99, 38, 'Mr. Ladarius Friesen', 'Totam facilis repellendus sed et quo sit voluptatum. Consequuntur molestias nam voluptatem voluptatem officia. Necessitatibus exercitationem sed deleniti. Velit fuga magni suscipit nisi natus dignissimos minus.', 1, '2019-07-23 16:20:53', '2019-07-23 16:20:53'),
(100, 21, 'Dr. Sean Mraz MD', 'Blanditiis debitis sapiente veniam sunt quas. Est aperiam quasi velit eligendi dignissimos. Esse debitis nobis molestias sed maiores rerum labore velit. Perspiciatis optio exercitationem cupiditate neque cupiditate necessitatibus eum.', 5, '2019-07-23 16:20:53', '2019-07-23 16:20:53'),
(101, 26, 'Dr. Elnora Torphy', 'Ipsum fuga asperiores laudantium quia repellat autem corporis. Provident voluptate voluptas nihil molestiae aut ut. Voluptas ut illum et ad ratione rerum eum. Pariatur molestiae molestias velit rerum.', 3, '2019-07-23 16:20:53', '2019-07-23 16:20:53'),
(102, 31, 'Torrance Parker Jr.', 'Illum impedit tempora eum non a sint. Ullam commodi quidem earum ea hic. Mollitia sapiente quibusdam laboriosam repellat voluptatem voluptates tempore. Sit veniam unde dolores ea animi eaque reiciendis.', 1, '2019-07-23 16:20:53', '2019-07-23 16:20:53'),
(103, 18, 'Antwan Beahan', 'Pariatur natus minima dignissimos quam quisquam nobis. Aliquam labore minus vel quasi. Officia quo molestiae corrupti quia sed.', 5, '2019-07-23 16:20:53', '2019-07-23 16:20:53'),
(104, 12, 'Ms. Meaghan Boyer', 'Et itaque expedita assumenda accusamus et. Id aspernatur est porro quo molestiae. Culpa deleniti debitis veritatis fugit maiores veritatis iure. Fuga aut et consequatur voluptas voluptates voluptatem.', 1, '2019-07-23 16:20:53', '2019-07-23 16:20:53'),
(105, 11, 'Rod Quigley', 'Qui aperiam similique magnam error porro. Repellendus eligendi et aut molestiae nemo magni. Dolorum voluptatem corrupti in eligendi fuga.', 5, '2019-07-23 16:20:53', '2019-07-23 16:20:53'),
(106, 40, 'Barry Hills', 'Voluptas sunt sed sed doloribus. Deserunt doloremque aut illum deleniti temporibus consequuntur. Velit et sunt repellat qui ea.', 0, '2019-07-23 16:20:53', '2019-07-23 16:20:53'),
(107, 38, 'Nicole Bins II', 'Alias sequi excepturi inventore asperiores voluptatem sunt non. Optio perspiciatis quae odio quos impedit. Officiis minus sit quis sed adipisci. Enim facilis qui aut officia ex sapiente eius maiores.', 4, '2019-07-23 16:20:53', '2019-07-23 16:20:53'),
(108, 28, 'Dr. Jaylin Donnelly PhD', 'Qui id eos et est. Temporibus dolorem commodi assumenda voluptates odit ullam. Eos at dolorum et magnam omnis.', 3, '2019-07-23 16:20:53', '2019-07-23 16:20:53'),
(109, 19, 'Prof. Malika Kohler', 'Est sed laudantium nemo accusantium sit quas. Alias et repellat natus laborum harum dolorem. Velit ex sunt rerum voluptatem.', 0, '2019-07-23 16:20:53', '2019-07-23 16:20:53'),
(110, 7, 'Mrs. Mariah Zieme PhD', 'Nostrum ut beatae illo cum et qui. Voluptatem velit dolore adipisci est velit dolor. Qui rem nihil totam ea quis voluptatem. Voluptatum numquam minus sunt aut. Repudiandae non dolor voluptas eos illo dolore consequatur.', 4, '2019-07-23 16:20:53', '2019-07-23 16:20:53'),
(111, 49, 'Mr. Enrique Lockman', 'Nihil pariatur voluptatem dignissimos ipsam non. Magni quasi at officiis ea ab culpa. Molestias voluptas animi dolorum quaerat explicabo. Libero dolorem aliquid nulla impedit neque iusto dolorem.', 0, '2019-07-23 16:20:53', '2019-07-23 16:20:53'),
(112, 18, 'Chanelle Wunsch', 'Veniam architecto voluptatum corrupti illum mollitia provident omnis. Asperiores error adipisci ducimus est libero voluptatem.', 2, '2019-07-23 16:20:53', '2019-07-23 16:20:53'),
(113, 37, 'Sherwood Stoltenberg', 'Nulla magnam voluptatum facilis non. Consequuntur qui quas blanditiis voluptatem.', 2, '2019-07-23 16:20:53', '2019-07-23 16:20:53'),
(114, 3, 'Cletus Schumm Sr.', 'Quam nemo deleniti sint et cupiditate laboriosam expedita. Iste in esse nobis alias ipsam dolores. Beatae magni accusantium est similique fuga qui.', 0, '2019-07-23 16:20:53', '2019-07-23 16:20:53'),
(115, 28, 'Erika Tromp', 'Veritatis quos quibusdam incidunt autem accusantium eveniet non eum. Quia ea sed soluta nobis expedita iste tenetur. Vero architecto velit rem a quis molestiae perspiciatis excepturi.', 0, '2019-07-23 16:20:53', '2019-07-23 16:20:53'),
(116, 42, 'Francisca Waelchi', 'Animi fugiat et ea ipsa ut sint vero vel. Debitis voluptatum voluptatem consequatur expedita. Rerum est maiores quia repellendus laborum quis error ipsa.', 1, '2019-07-23 16:20:54', '2019-07-23 16:20:54'),
(117, 49, 'Deshaun Nikolaus', 'Qui quis est explicabo quasi qui. Odit sunt facilis veritatis quisquam in. Dolores dicta sint quis minus architecto tempora facilis.', 5, '2019-07-23 16:20:54', '2019-07-23 16:20:54'),
(118, 33, 'Bennett Osinski V', 'Adipisci iure est recusandae asperiores. Omnis et dolor qui voluptatem alias qui. Expedita aut assumenda a ut.', 2, '2019-07-23 16:20:54', '2019-07-23 16:20:54'),
(119, 50, 'Orland Ledner', 'Consectetur sunt iusto id a dolor laudantium. Expedita nemo tempore voluptatem expedita suscipit ut. Eos consequatur quia delectus non cupiditate consequatur.', 4, '2019-07-23 16:20:54', '2019-07-23 16:20:54'),
(120, 8, 'Elwin Bosco', 'Libero illum voluptatem et qui omnis voluptatem ut. Reprehenderit nesciunt aliquam laborum et. Eligendi nisi et voluptas.', 4, '2019-07-23 16:20:54', '2019-07-23 16:20:54'),
(121, 5, 'Mrs. Kenna Krajcik', 'Itaque distinctio sed harum est asperiores perspiciatis. Ullam at molestiae quos nihil mollitia nulla quia. Harum consectetur assumenda repudiandae est et cumque magni repellendus.', 2, '2019-07-23 16:20:54', '2019-07-23 16:20:54'),
(122, 29, 'Lelia Cronin PhD', 'Excepturi autem quo qui incidunt commodi. Eius quae sed ut officiis ut. Velit reiciendis et odit quia accusantium voluptates repellat assumenda. Dolores nihil tenetur aut aspernatur molestiae et vel voluptates.', 3, '2019-07-23 16:20:54', '2019-07-23 16:20:54'),
(123, 10, 'Nat Rau', 'Nesciunt nesciunt qui dolorum et saepe cupiditate quasi. Nobis corporis possimus consequatur aut consequuntur architecto explicabo. Nam quia minima ab explicabo velit est quia. Quis maxime vel beatae cupiditate.', 4, '2019-07-23 16:20:54', '2019-07-23 16:20:54'),
(124, 13, 'Dr. Delfina Cole', 'Error earum deleniti omnis necessitatibus atque. Maiores aut est amet maxime velit quia saepe quia. Non consequatur non reprehenderit maxime delectus. Blanditiis ipsa cum amet sit molestiae officia.', 1, '2019-07-23 16:20:54', '2019-07-23 16:20:54'),
(125, 44, 'Torrey Kling', 'Qui quidem sequi tempore. Laboriosam aliquid harum itaque illo. Quia modi asperiores repellendus aut eaque velit.', 4, '2019-07-23 16:20:54', '2019-07-23 16:20:54'),
(126, 25, 'Kole Abbott', 'Maxime atque accusantium est qui exercitationem tempore ut nesciunt. Eius ducimus aut inventore maxime. Velit molestiae impedit earum.', 5, '2019-07-23 16:20:54', '2019-07-23 16:20:54'),
(127, 5, 'Keyon Parisian', 'Ab explicabo hic cupiditate eius praesentium. Aperiam rerum tempore impedit. Doloremque molestiae quos culpa ad dolores error. Vel quos consequatur quas vel dolor et ad.', 1, '2019-07-23 16:20:54', '2019-07-23 16:20:54'),
(128, 44, 'Mr. Orion Schmeler DVM', 'Expedita ut aut repellat quis exercitationem at. Laboriosam eius aperiam neque qui nostrum saepe at. Nulla sunt molestiae aperiam ut.', 3, '2019-07-23 16:20:54', '2019-07-23 16:20:54'),
(129, 5, 'Prof. Destinee Muller III', 'Et dicta iste nisi temporibus. Nemo ab accusamus quo dolores. Earum nostrum sunt omnis illo enim quo. Ut unde autem omnis et.', 1, '2019-07-23 16:20:54', '2019-07-23 16:20:54'),
(130, 13, 'Barney Ernser', 'At sint ipsam sapiente beatae expedita quisquam. Et veritatis sint atque sit. Quisquam saepe autem in ut aut odio. Eos et ut voluptate eos temporibus.', 1, '2019-07-23 16:20:54', '2019-07-23 16:20:54'),
(131, 33, 'Ms. Una Lemke', 'Repudiandae facilis dolor corrupti suscipit. Eligendi velit repudiandae repellendus similique modi delectus. Est odit ullam consequatur voluptatem. Qui voluptatem explicabo commodi doloribus.', 2, '2019-07-23 16:20:54', '2019-07-23 16:20:54'),
(132, 15, 'Dr. Josiane Terry DDS', 'Quae aperiam deleniti ad consequuntur eos aspernatur. Odio alias porro consequuntur asperiores. Sint incidunt repudiandae eos quis amet quia corrupti. Facere sed culpa aperiam ipsum sunt tempore autem. Qui similique aut excepturi impedit.', 3, '2019-07-23 16:20:54', '2019-07-23 16:20:54'),
(133, 33, 'Nayeli Pollich', 'Corrupti doloremque natus quae accusantium eum aut. Sit tenetur maxime rem laudantium. Minus perspiciatis veniam aut dolorum nesciunt. Error iure consequatur sit ea non deserunt sed. Eum error omnis nihil fugit et dolor.', 0, '2019-07-23 16:20:54', '2019-07-23 16:20:54'),
(134, 25, 'Reagan Monahan', 'Quae quas nulla laboriosam quod soluta suscipit facere. Molestiae voluptatem et nihil. Accusantium accusantium et rerum quaerat. Voluptatum quas in voluptatem recusandae aut eligendi vel.', 4, '2019-07-23 16:20:54', '2019-07-23 16:20:54'),
(135, 34, 'Tremayne Schmeler MD', 'Quidem incidunt iste sit sunt molestiae. Aut qui placeat laborum aut odit repellendus sapiente. Et pariatur nobis debitis sequi perferendis repudiandae quidem.', 4, '2019-07-23 16:20:54', '2019-07-23 16:20:54'),
(136, 44, 'Allen Stark', 'Ut quaerat enim non eligendi placeat nostrum eum. Labore commodi placeat ut similique. At non nesciunt et ut eaque dignissimos.', 5, '2019-07-23 16:20:55', '2019-07-23 16:20:55'),
(137, 14, 'Dr. Micah Schmitt I', 'Modi ipsum consequatur corrupti consectetur maiores animi saepe. Minima neque ab quia voluptas quasi. Laborum eius quae praesentium dolorem dolores adipisci sed nisi. Dolor dolorem vero soluta nulla maxime quidem. Laudantium a ut deleniti similique corrupti numquam.', 0, '2019-07-23 16:20:55', '2019-07-23 16:20:55'),
(138, 19, 'Keira Beatty', 'Quam eius sint fuga aut maiores minima omnis. Fugiat vel quod commodi quasi culpa excepturi. Qui fuga nemo deserunt excepturi voluptatem blanditiis.', 3, '2019-07-23 16:20:55', '2019-07-23 16:20:55'),
(139, 13, 'Brenda Skiles', 'Excepturi provident aut velit dolores aut enim est. Quia perferendis aut porro et fuga enim enim. Qui praesentium optio cumque ipsum aut debitis unde. Nam ut et nihil aperiam quisquam quia inventore.', 2, '2019-07-23 16:20:55', '2019-07-23 16:20:55'),
(140, 24, 'Angelo Rippin', 'Itaque illo voluptas corporis animi. Natus eos ut aut nostrum. Aut et cupiditate quisquam.', 0, '2019-07-23 16:20:55', '2019-07-23 16:20:55'),
(141, 6, 'Yvonne Kutch', 'Iure deserunt ipsa voluptatem excepturi qui eum qui. Rerum necessitatibus accusamus ad non officia. Qui et ut a rerum nemo non nesciunt.', 0, '2019-07-23 16:20:55', '2019-07-23 16:20:55'),
(142, 27, 'Mr. Mitchel Lind', 'Doloremque voluptatem numquam provident ipsa cum ex. Commodi modi blanditiis aut et non. Ipsam incidunt ex quasi architecto omnis facilis placeat aliquam.', 4, '2019-07-23 16:20:55', '2019-07-23 16:20:55'),
(143, 13, 'Emerald Harris', 'Dolore cumque adipisci reprehenderit qui. Dolorum qui ea quia culpa nemo voluptates voluptas aut. Sequi fuga amet dolor aperiam.', 1, '2019-07-23 16:20:55', '2019-07-23 16:20:55'),
(144, 29, 'Tremayne Koelpin', 'Libero et fuga sed unde expedita ut. Omnis non omnis sit tempore autem. Qui error alias recusandae cum.', 3, '2019-07-23 16:20:55', '2019-07-23 16:20:55'),
(145, 2, 'Piper Flatley DVM', 'Praesentium fuga ab nulla omnis quia et veritatis alias. Distinctio sed atque nemo voluptatem itaque recusandae sapiente. Reiciendis qui doloribus facilis minima excepturi reprehenderit culpa dolorum. Consequatur aut in et laboriosam velit architecto quis. Sapiente officiis blanditiis facere amet est.', 2, '2019-07-23 16:20:55', '2019-07-23 16:20:55'),
(146, 29, 'Omer Aufderhar', 'Dolor eum fuga optio tempora qui dolor. Debitis aspernatur non hic. Laborum quasi consequatur ullam et facere quo.', 4, '2019-07-23 16:20:55', '2019-07-23 16:20:55'),
(147, 13, 'Wilson McGlynn', 'Deleniti velit ullam hic beatae odit perferendis. Qui nihil eveniet architecto quia. Qui fuga nemo totam. Enim tenetur mollitia voluptas voluptatem unde voluptas sit quis.', 2, '2019-07-23 16:20:55', '2019-07-23 16:20:55'),
(148, 44, 'Susie Stamm DDS', 'Eos dolorem voluptates quo. Dolor magni nihil illum facere voluptatum recusandae. Molestiae odit possimus sit sapiente eum. Omnis maiores est et esse deserunt quo sequi.', 1, '2019-07-23 16:20:55', '2019-07-23 16:20:55'),
(149, 14, 'Emelie Ritchie', 'Ullam ut et nam minus tempora. Tempore esse ea molestiae eaque asperiores. Provident commodi maiores non ut non totam iure sequi. Vero omnis voluptatibus optio ducimus qui.', 0, '2019-07-23 16:20:55', '2019-07-23 16:20:55'),
(150, 38, 'Prof. Christiana Ratke MD', 'Enim laboriosam voluptatem a dolor tempore nihil nobis. Quaerat voluptates laudantium fuga neque sed libero. Nemo ullam et sint facere velit vel consequuntur molestiae. Quibusdam facilis commodi similique optio explicabo autem. Et beatae magnam et.', 2, '2019-07-23 16:20:55', '2019-07-23 16:20:55'),
(151, 46, 'Margarete D\'Amore MD', 'Quas unde itaque rerum dolorem perspiciatis dolor. Et dolorum dolores nihil non corporis qui. Qui dicta esse facilis dolores incidunt cupiditate.', 4, '2019-07-23 16:20:55', '2019-07-23 16:20:55'),
(152, 31, 'Columbus Schultz', 'Nobis temporibus numquam quos suscipit facere. Aut tempore doloribus deserunt.', 0, '2019-07-23 16:20:55', '2019-07-23 16:20:55'),
(153, 18, 'Raina Crooks', 'Minus et reiciendis ipsa. A sed sunt vel sint repudiandae optio. Illum quam et eum aut officia expedita.', 0, '2019-07-23 16:20:55', '2019-07-23 16:20:55'),
(154, 30, 'Ezra Smith', 'Quis quo et aspernatur maxime aut ratione. Aut quasi laudantium error voluptatem voluptas itaque temporibus. Pariatur pariatur consequatur dignissimos ducimus.', 1, '2019-07-23 16:20:55', '2019-07-23 16:20:55'),
(155, 18, 'Prof. Alejandrin Runte MD', 'Dolor velit dolor molestiae voluptatem ipsam. Quisquam voluptatem vel cum velit rerum enim. Sunt libero ipsum explicabo deserunt dolores nisi cum.', 4, '2019-07-23 16:20:55', '2019-07-23 16:20:55'),
(156, 20, 'Hettie Dietrich', 'Et numquam aut necessitatibus pariatur nulla qui tempora. Et error dolorem culpa sapiente consequatur. Veniam aut aut distinctio est non delectus. Nostrum impedit consectetur nesciunt sed et quis.', 5, '2019-07-23 16:20:56', '2019-07-23 16:20:56'),
(157, 15, 'Rogelio Cremin I', 'Ab nemo est itaque cumque. Quis ea ut ipsam doloremque et ducimus saepe. Tempora aut vero placeat et.', 0, '2019-07-23 16:20:56', '2019-07-23 16:20:56'),
(158, 7, 'Mattie Brakus', 'Aut veritatis nobis soluta voluptatem. Ut commodi qui est similique molestiae cumque. Similique error qui quia error. Rem sapiente ut sed sequi modi.', 5, '2019-07-23 16:20:56', '2019-07-23 16:20:56'),
(159, 45, 'Prof. Emilio Lockman', 'Harum ratione aut aut. Est sint doloribus qui et soluta expedita odio. Nemo similique iste voluptates et.', 3, '2019-07-23 16:20:56', '2019-07-23 16:20:56'),
(160, 9, 'Ashtyn Kling V', 'Eum dignissimos sit molestiae eius ex sed alias. Corporis voluptas sequi et quasi. Est doloribus officiis repellendus omnis saepe. Et deserunt unde veniam modi.', 1, '2019-07-23 16:20:56', '2019-07-23 16:20:56'),
(161, 41, 'Orrin Bartoletti', 'Corporis maiores sit ut est est molestias molestias. Facilis necessitatibus unde omnis. Saepe cupiditate qui magni ut.', 4, '2019-07-23 16:20:56', '2019-07-23 16:20:56'),
(162, 12, 'Dr. Alfonzo Hettinger IV', 'Magni nam facere ut omnis. Maxime mollitia possimus et soluta aperiam. Harum consequatur veniam laudantium at repudiandae. Fuga quos officia distinctio minus vel aliquid.', 4, '2019-07-23 16:20:56', '2019-07-23 16:20:56'),
(163, 45, 'Finn Bednar', 'Voluptatem magni rem ullam quisquam quidem inventore qui. Sed exercitationem quibusdam nihil quidem nesciunt quidem et. Natus provident repudiandae nihil voluptatem aliquam est.', 0, '2019-07-23 16:20:56', '2019-07-23 16:20:56'),
(164, 3, 'Prof. Madalyn Heller', 'Iste consequatur voluptate aut qui rem culpa. Excepturi consectetur culpa ab mollitia quis consequuntur. Rerum neque quia sapiente aut incidunt et.', 0, '2019-07-23 16:20:56', '2019-07-23 16:20:56'),
(165, 36, 'Meghan Effertz', 'Animi ea error magnam facilis non commodi quas quod. Natus in consequatur culpa perspiciatis exercitationem animi dolorum. Et est cupiditate cumque eveniet eveniet. Dicta non quam laborum laboriosam aut.', 3, '2019-07-23 16:20:56', '2019-07-23 16:20:56'),
(166, 18, 'Sylvan Feil', 'Doloremque a et qui qui dolorem. Rem est rem ea omnis. Incidunt non quia qui eaque.', 3, '2019-07-23 16:20:56', '2019-07-23 16:20:56'),
(167, 15, 'Alana Batz', 'Ea enim consequatur voluptatem placeat iste itaque cupiditate. Voluptatem quod voluptatem et dolorem explicabo. Corporis dolore vel eum earum ipsum enim. Ut ratione occaecati voluptas neque voluptatem facere pariatur fugit.', 4, '2019-07-23 16:20:56', '2019-07-23 16:20:56'),
(168, 33, 'Missouri McKenzie', 'Ullam eum et a fugiat et ullam. Ea et reprehenderit debitis blanditiis quas. Et impedit magni ad provident. Repellendus qui rerum fuga facere molestias reiciendis et.', 1, '2019-07-23 16:20:56', '2019-07-23 16:20:56'),
(169, 48, 'Keshawn Dickens III', 'Saepe doloribus fugit dolor ut. Rem sequi quod maxime itaque commodi nisi nihil. Et ea et aliquam odit. Error consectetur ipsam facilis quis culpa veritatis aliquam.', 3, '2019-07-23 16:20:56', '2019-07-23 16:20:56'),
(170, 26, 'Adriel Torp', 'Facilis est et totam maxime voluptas accusamus. Necessitatibus officia ab molestiae et perferendis harum sit. Illo exercitationem placeat culpa nobis deleniti sit libero. Quas non quas fugiat.', 4, '2019-07-23 16:20:56', '2019-07-23 16:20:56'),
(171, 30, 'Dr. Nora Zemlak', 'Harum sed error dignissimos et laboriosam dignissimos. Ea aperiam deserunt et distinctio amet quasi. Iusto dicta et quasi ullam adipisci. Repudiandae non velit ex est consequatur ipsa vero.', 1, '2019-07-23 16:20:56', '2019-07-23 16:20:56'),
(172, 46, 'Mrs. Patricia Lynch', 'Ex earum voluptas et nam culpa et repellendus. Dolor laudantium et dignissimos sunt beatae. Expedita quo culpa autem ratione est. Aut eligendi aut culpa et consequatur.', 3, '2019-07-23 16:20:56', '2019-07-23 16:20:56'),
(173, 25, 'Dr. Llewellyn Johnson', 'Error consequatur aliquid et. Id rerum ut dolor eos aut. Officiis odio aut est est amet ut ut.', 5, '2019-07-23 16:20:56', '2019-07-23 16:20:56'),
(174, 47, 'Leone Cassin', 'Ut laudantium vel dolor. Dolorem quo culpa eveniet. Consectetur esse impedit consequatur et. Maiores rerum ab libero voluptas architecto. Esse illum et magni laborum.', 4, '2019-07-23 16:20:56', '2019-07-23 16:20:56'),
(175, 28, 'Hettie Corwin', 'Aut est qui eum et voluptatem quod hic. Error rerum inventore nihil aut velit quisquam. Alias excepturi ipsa ut vitae. Sint aperiam voluptatem libero.', 3, '2019-07-23 16:20:56', '2019-07-23 16:20:56'),
(176, 40, 'Antonette Schmidt DDS', 'Qui in molestiae natus. Libero corporis magnam odio aspernatur quos dolor. Nobis quae ullam officiis ut molestias est.', 1, '2019-07-23 16:20:57', '2019-07-23 16:20:57'),
(177, 50, 'Judd Jaskolski', 'Minus maiores neque esse ut. Aperiam enim harum est facilis dolore nostrum. Sint autem voluptatem provident aut culpa esse.', 2, '2019-07-23 16:20:57', '2019-07-23 16:20:57'),
(178, 47, 'Jeanette Leffler', 'Voluptates iusto quas tempora dolor sit. Harum aut velit consequatur reprehenderit officiis nostrum consequatur. Iste quae pariatur aspernatur voluptatum. Enim odit accusantium optio officiis.', 1, '2019-07-23 16:20:57', '2019-07-23 16:20:57'),
(179, 8, 'Dr. Gonzalo Smitham I', 'Dolor facilis sint quis in molestiae explicabo voluptas. Quia placeat aut nam saepe sit et debitis. Et non iste minima vero impedit aliquam. Laudantium possimus dolorum rem illo.', 2, '2019-07-23 16:20:57', '2019-07-23 16:20:57'),
(180, 23, 'Willard Sanford', 'Non mollitia voluptas et tempore eum omnis laborum ut. Accusantium fugiat consectetur nulla minima voluptatibus deserunt eos ullam. Praesentium deleniti occaecati nobis sed. Molestiae repellendus occaecati facere doloremque omnis.', 1, '2019-07-23 16:20:57', '2019-07-23 16:20:57'),
(181, 23, 'Braulio Rice', 'Sunt voluptates in beatae dignissimos. Eos deleniti enim accusamus excepturi repellat aut natus harum. In odio vitae reprehenderit voluptatibus omnis suscipit voluptatem tenetur.', 5, '2019-07-23 16:20:57', '2019-07-23 16:20:57'),
(182, 32, 'Dr. Alexzander Macejkovic', 'Accusamus ut vitae maxime eius. Ut et voluptatem dolor mollitia excepturi. Ut omnis placeat in tenetur dolores soluta possimus. Dolorem ipsum voluptatum voluptate et sed non.', 2, '2019-07-23 16:20:57', '2019-07-23 16:20:57'),
(183, 48, 'Garry Lynch', 'Id dicta sapiente optio. Sed sapiente quis a vero. Blanditiis rem hic quisquam accusamus ducimus.', 1, '2019-07-23 16:20:57', '2019-07-23 16:20:57'),
(184, 3, 'Elenor Bauch', 'Deserunt error rerum aspernatur qui quae. Praesentium delectus aut sequi ratione esse. Perferendis ut exercitationem qui est.', 0, '2019-07-23 16:20:57', '2019-07-23 16:20:57'),
(185, 50, 'Birdie Schultz', 'Nulla enim non tempora eum molestiae sint nulla vitae. Impedit sit facilis eius modi corporis. Ducimus ab dolorem deserunt ex molestias. Sapiente magnam nemo suscipit corporis omnis.', 1, '2019-07-23 16:20:57', '2019-07-23 16:20:57'),
(186, 18, 'Casper Breitenberg', 'Voluptatem recusandae dolores adipisci omnis. Error incidunt soluta cumque sunt. Nobis quia provident saepe commodi suscipit voluptas minus. Doloribus sed et unde perferendis praesentium iure.', 2, '2019-07-23 16:20:57', '2019-07-23 16:20:57'),
(187, 11, 'Clarabelle Emard Jr.', 'Et sunt sit quis doloremque vel incidunt. Unde officia deserunt facilis voluptas possimus enim eum. Labore voluptates consequatur quis.', 1, '2019-07-23 16:20:57', '2019-07-23 16:20:57'),
(188, 44, 'Dr. Delphine McGlynn', 'Cum ex ut consectetur rem voluptatem reiciendis qui. Et repellat veritatis est nesciunt quia. Accusamus eum et a tenetur alias.', 1, '2019-07-23 16:20:57', '2019-07-23 16:20:57'),
(189, 1, 'Vida Gulgowski PhD', 'Quis magnam id repellendus est officia et. Doloribus repellat vel magnam amet sint et maxime. Ullam neque non est odio qui.', 0, '2019-07-23 16:20:57', '2019-07-23 16:20:57'),
(190, 9, 'Ronny Crona', 'Ad dolores doloribus iste autem. Numquam dolorem aut molestiae quaerat et officiis accusamus. Voluptatem quis odit quia et dolores iure aspernatur. Dolorem velit officiis provident ad et libero.', 5, '2019-07-23 16:20:57', '2019-07-23 16:20:57'),
(191, 16, 'Prof. Baby Franecki', 'Corporis quia aperiam quaerat maiores rerum quia sed. Praesentium a non sint quia pariatur. Facere nihil laborum nemo rerum.', 4, '2019-07-23 16:20:57', '2019-07-23 16:20:57'),
(192, 50, 'Jarrett Marks', 'Rerum odio consequatur quia rem. Dolor distinctio commodi eius quo et itaque facere delectus. Quasi omnis corrupti praesentium nostrum. Pariatur voluptatum molestiae vel veniam. Voluptate et illo perferendis et error repellendus ipsa velit.', 4, '2019-07-23 16:20:57', '2019-07-23 16:20:57'),
(193, 35, 'Marcel Gorczany', 'Veniam ut rerum odit ullam ipsam. Quisquam cupiditate autem nam dolorem molestias et. Animi blanditiis suscipit cupiditate neque.', 4, '2019-07-23 16:20:57', '2019-07-23 16:20:57'),
(194, 21, 'Parker O\'Reilly', 'Nulla voluptatem qui laboriosam quaerat ut error qui. Reprehenderit in maxime in quos sunt nam.', 4, '2019-07-23 16:20:57', '2019-07-23 16:20:57'),
(195, 27, 'Gerardo Bernhard Jr.', 'Quidem dolores magnam asperiores fugit. Soluta qui dolor maxime esse corrupti. Similique saepe animi quia officia quia voluptatem rerum. Harum deserunt voluptatibus et sed sunt non.', 2, '2019-07-23 16:20:58', '2019-07-23 16:20:58'),
(196, 40, 'Reggie Leffler', 'Ea non enim omnis dignissimos iure. Rem nam est totam sed. In accusamus voluptatem dolorem autem. Perspiciatis aliquid inventore beatae nulla consequatur.', 5, '2019-07-23 16:20:58', '2019-07-23 16:20:58'),
(197, 30, 'Crystel Koelpin Jr.', 'Eos quisquam aperiam provident libero. Voluptas culpa porro et tempora. Est ex libero voluptatum dolor tempora. Officiis libero ut voluptatibus aut illo nemo. Ab nisi occaecati quae dolores sit.', 2, '2019-07-23 16:20:58', '2019-07-23 16:20:58'),
(198, 1, 'Vernice Purdy', 'Ut voluptatem expedita a quasi. Soluta saepe ea quia. Et est minus nesciunt sed aut est. Quia ducimus distinctio quasi sunt rerum. Nemo officia et repellendus eligendi sequi molestiae iste.', 0, '2019-07-23 16:20:58', '2019-07-23 16:20:58'),
(199, 6, 'Prof. Freddy Kertzmann', 'Quaerat explicabo enim corrupti sapiente. Non velit laudantium vel voluptates est. Doloribus et et ad dolorem eius et nam et. Dignissimos quam possimus illum.', 2, '2019-07-23 16:20:58', '2019-07-23 16:20:58'),
(200, 47, 'Prof. Alize Reynolds', 'Dolor libero est assumenda sed est numquam. Sed maxime commodi asperiores qui veritatis id. Officia rerum error enim voluptatem.', 0, '2019-07-23 16:20:58', '2019-07-23 16:20:58'),
(201, 18, 'Nico Koch I', 'Quod sint omnis aut. Animi sit dolorem et ratione nihil laborum. Amet quia pariatur reprehenderit et reprehenderit sint facilis qui.', 0, '2019-07-23 16:20:58', '2019-07-23 16:20:58'),
(202, 24, 'Zoie Hickle IV', 'Quas in voluptatem placeat omnis consectetur eos quisquam. Laborum quos sint id beatae. Sit cumque necessitatibus voluptatem. Eaque corporis qui vitae rerum error quia eos.', 1, '2019-07-23 16:20:58', '2019-07-23 16:20:58'),
(203, 6, 'Devyn Ruecker', 'Vel velit et nemo est harum pariatur autem. Animi doloribus et sed veritatis. Ratione placeat repudiandae amet distinctio. Ut ut est temporibus.', 4, '2019-07-23 16:20:58', '2019-07-23 16:20:58'),
(204, 45, 'Prof. Zetta Effertz', 'Ipsam vel illo quam libero veritatis labore. Voluptatem et eveniet et quod consequatur natus ut dignissimos. Sunt adipisci blanditiis in id magnam magnam reprehenderit et. Sit nobis dolorem soluta quis minima. Praesentium sapiente autem ratione est corporis.', 3, '2019-07-23 16:20:58', '2019-07-23 16:20:58'),
(205, 30, 'Gabriel Ortiz', 'Quas perspiciatis fugit aut in maxime ut. Quisquam quos laudantium aut sint. Repellat voluptas id quibusdam aspernatur labore. Aut porro et temporibus natus.', 5, '2019-07-23 16:20:58', '2019-07-23 16:20:58'),
(206, 32, 'Mr. Camren Bednar', 'Facere enim et in voluptatum. Et magnam laborum praesentium tenetur est pariatur ab eos. Animi animi corporis impedit sint.', 3, '2019-07-23 16:20:58', '2019-07-23 16:20:58');
INSERT INTO `reviews` (`id`, `product_id`, `customer`, `review`, `star`, `created_at`, `updated_at`) VALUES
(207, 33, 'Clementine Deckow', 'Quo temporibus quia delectus eum aliquam. Odio est perspiciatis quis et. Quis ad earum officiis ea consequatur reprehenderit.', 0, '2019-07-23 16:20:58', '2019-07-23 16:20:58'),
(208, 46, 'Hilbert Rolfson', 'Sint accusantium unde dolorum similique voluptas aut asperiores. Voluptate ut labore beatae et quam praesentium. Rerum sit rerum et quia commodi. Illum ut aut esse illum expedita.', 4, '2019-07-23 16:20:58', '2019-07-23 16:20:58'),
(209, 26, 'Stacey Armstrong', 'Eligendi voluptates perspiciatis quaerat nam dolores minus ducimus. Autem neque commodi aut. Mollitia animi quidem quibusdam voluptatem aspernatur omnis. Ad et qui sunt voluptates et iusto molestias similique.', 2, '2019-07-23 16:20:59', '2019-07-23 16:20:59'),
(210, 26, 'Colby Vandervort', 'Nesciunt quod corrupti officiis illum dolorem eum sint et. Rerum dolore voluptatum ut cupiditate eum atque. Est libero rem molestias nihil. Qui et consequatur iure quidem mollitia sit.', 5, '2019-07-23 16:20:59', '2019-07-23 16:20:59'),
(211, 44, 'Donny Brekke', 'Sit explicabo explicabo atque explicabo deserunt ut rerum. Facere et voluptates consequuntur hic ea autem enim. Quia sit molestiae et.', 0, '2019-07-23 16:20:59', '2019-07-23 16:20:59'),
(212, 48, 'Rosalyn Marquardt DDS', 'Maiores commodi voluptate eum beatae. Et maxime ut sed. Quaerat dolorem incidunt et placeat.', 1, '2019-07-23 16:20:59', '2019-07-23 16:20:59'),
(213, 38, 'Tamara Muller', 'Ut fugit sit harum sed neque. Perferendis cumque voluptatibus unde dicta. Excepturi magni consequuntur aut. Sint consequatur enim officiis fuga.', 2, '2019-07-23 16:20:59', '2019-07-23 16:20:59'),
(214, 34, 'Mr. Mavis McGlynn', 'Et autem consequatur rerum assumenda. Consequuntur aliquid architecto vero. Fuga ex cum odio quidem ut. Unde iste nobis consequatur veniam.', 0, '2019-07-23 16:20:59', '2019-07-23 16:20:59'),
(215, 29, 'Jena Bogisich', 'Velit id nostrum quae sit ipsum minus omnis. Aut provident quisquam cumque repellendus voluptatem nam fuga. Saepe voluptates id occaecati ut labore occaecati dolorum. Voluptatem nemo magni et incidunt sunt id sunt hic.', 0, '2019-07-23 16:20:59', '2019-07-23 16:20:59'),
(216, 41, 'Prof. Elise Block V', 'Excepturi atque consequatur voluptas laboriosam sit. Porro est modi omnis nostrum consequatur. Dolores sit similique reprehenderit veniam aut animi fuga.', 4, '2019-07-23 16:20:59', '2019-07-23 16:20:59'),
(217, 23, 'Alexandre Jerde I', 'Voluptas magni sed itaque dolor et et. Voluptatem fugiat voluptatem aut dolorem in voluptatem. Quo aut saepe aut quia architecto.', 1, '2019-07-23 16:20:59', '2019-07-23 16:20:59'),
(218, 1, 'Alberto Gusikowski', 'Voluptas et aliquam non repellat commodi. Consequuntur repellendus velit quis soluta. Ab blanditiis reprehenderit saepe ipsum.', 5, '2019-07-23 16:20:59', '2019-07-23 16:20:59'),
(219, 19, 'Aiden Crist', 'Aut reprehenderit fuga tempora quibusdam est. Assumenda earum facere unde id iste maiores.', 5, '2019-07-23 16:20:59', '2019-07-23 16:20:59'),
(220, 45, 'Nickolas Jacobs', 'Earum asperiores eius corrupti voluptatem odit accusantium vitae maxime. Minus vitae quasi laboriosam laborum qui. Iure ducimus corrupti velit voluptas natus dolores placeat.', 0, '2019-07-23 16:20:59', '2019-07-23 16:20:59'),
(221, 17, 'Dr. Meaghan Ondricka', 'Mollitia vel adipisci omnis ratione. Quia optio soluta animi.', 3, '2019-07-23 16:20:59', '2019-07-23 16:20:59'),
(222, 35, 'Mrs. Velva Nikolaus', 'Optio odit ad aut non libero natus. Et dolorem maxime non sit. Impedit ut at sit provident aperiam.', 3, '2019-07-23 16:20:59', '2019-07-23 16:20:59'),
(223, 12, 'Albin O\'Hara', 'Deserunt repellat qui reprehenderit omnis. Quas aperiam autem magnam. Aperiam esse delectus debitis.', 5, '2019-07-23 16:20:59', '2019-07-23 16:20:59'),
(224, 43, 'Josefina Towne I', 'Cum et voluptatem corporis magni aliquam est. Sint unde praesentium expedita nulla. Aut illo sit explicabo minus eaque at. Delectus rerum nihil alias tenetur qui nostrum.', 0, '2019-07-23 16:20:59', '2019-07-23 16:20:59'),
(225, 2, 'Amalia Dicki', 'Repudiandae ad et a. Aut ut quo quod ab quod est aliquid. Qui rerum sint in molestias. Magni amet unde asperiores voluptatem.', 3, '2019-07-23 16:20:59', '2019-07-23 16:20:59'),
(226, 22, 'Miss Sasha Kassulke PhD', 'Et consequatur explicabo soluta ex qui sed. Incidunt dolorem dignissimos commodi veniam iste. Adipisci est quidem rerum nisi quidem incidunt culpa possimus.', 0, '2019-07-23 16:20:59', '2019-07-23 16:20:59'),
(227, 44, 'Cindy Satterfield III', 'Dolorem perspiciatis repellat et sit quos in. Modi iusto veniam labore. Molestias dicta perspiciatis praesentium est amet soluta est. Quod illum repudiandae quos amet.', 3, '2019-07-23 16:20:59', '2019-07-23 16:20:59'),
(228, 11, 'Kiana McGlynn Jr.', 'Eligendi expedita rerum ut possimus. Provident dolores totam ipsa ullam mollitia beatae sunt. Et et tenetur consequatur quas eum. Quisquam maiores aut quam voluptas molestiae aut.', 2, '2019-07-23 16:20:59', '2019-07-23 16:20:59'),
(229, 12, 'Jessika Bailey', 'Reprehenderit tenetur laborum perferendis veniam. Sequi voluptatem nihil quaerat ut aliquid alias. Officiis saepe aut error excepturi.', 0, '2019-07-23 16:20:59', '2019-07-23 16:20:59'),
(230, 3, 'Prof. Kendrick Auer IV', 'Totam in tempora doloremque architecto non accusamus excepturi. Tempore minima rerum autem sed libero quia magni quia. Qui est odio deserunt iure error velit.', 0, '2019-07-23 16:20:59', '2019-07-23 16:20:59'),
(231, 50, 'Alessandro Cummings', 'Distinctio architecto ad incidunt harum et. Porro ab maiores aspernatur neque pariatur sit quis. Odit dolore natus neque eaque.', 1, '2019-07-23 16:20:59', '2019-07-23 16:20:59'),
(232, 23, 'Joe Williamson', 'Nihil eligendi temporibus qui maiores qui. Ab aliquam a ipsa dolor earum excepturi consequatur. Autem illum laborum saepe quibusdam magni blanditiis qui.', 1, '2019-07-23 16:20:59', '2019-07-23 16:20:59'),
(233, 35, 'Delpha Conroy IV', 'Eum aliquam molestiae ratione illo voluptate omnis. Expedita aut ratione sint impedit aut ipsam sint ut. Odit vel tempora ut hic.', 0, '2019-07-23 16:21:00', '2019-07-23 16:21:00'),
(234, 35, 'Vena Torp', 'Cupiditate mollitia voluptas assumenda totam reiciendis hic. Porro et necessitatibus nemo rem. Ut perspiciatis est perspiciatis quis repellat vel vitae ipsam.', 3, '2019-07-23 16:21:00', '2019-07-23 16:21:00'),
(235, 20, 'Ms. Elvie Tillman DVM', 'Nam quia dolorem molestias. Quo dicta laudantium aut vero.', 4, '2019-07-23 16:21:00', '2019-07-23 16:21:00'),
(236, 26, 'Magdalen Reilly', 'Cumque enim et suscipit repellendus. Totam veritatis corporis vel autem quasi necessitatibus. Harum qui atque mollitia temporibus accusantium porro.', 2, '2019-07-23 16:21:01', '2019-07-23 16:21:01'),
(237, 34, 'Gudrun Feest', 'Quibusdam dignissimos assumenda ipsum non qui harum. Voluptas maiores eveniet cumque velit. Quo autem ut quae ratione.', 3, '2019-07-23 16:21:01', '2019-07-23 16:21:01'),
(238, 16, 'Aniya Conroy IV', 'Minima voluptates aut placeat ut error non consequatur. Consequatur voluptas saepe vero.', 1, '2019-07-23 16:21:01', '2019-07-23 16:21:01'),
(239, 34, 'Dr. June Lebsack PhD', 'Est nihil nulla est eius. Reprehenderit et qui numquam quidem quam qui. Corporis praesentium temporibus adipisci modi optio vel velit.', 4, '2019-07-23 16:21:01', '2019-07-23 16:21:01'),
(240, 10, 'Magnolia Ratke', 'Sunt ut facere unde temporibus repudiandae molestiae veniam porro. Accusantium qui enim libero harum aut. Soluta non repudiandae dolor a.', 1, '2019-07-23 16:21:01', '2019-07-23 16:21:01'),
(241, 18, 'Dr. Berniece Emmerich', 'In sint mollitia aliquam dolor commodi tempora tempora. Laboriosam neque aut corrupti pariatur error voluptas nihil. Veniam porro corporis quia ea ratione quis molestiae aut. Magni velit nihil est qui non eius rerum.', 3, '2019-07-23 16:21:01', '2019-07-23 16:21:01'),
(242, 46, 'Mrs. Lupe Kertzmann DVM', 'Voluptatem in ut voluptas omnis molestiae laborum totam. Sint cumque doloremque dicta sed repellendus. Voluptas perferendis ex consectetur esse quo excepturi minus. Saepe doloremque ducimus odio adipisci. Aliquam sed sed officiis et aliquam.', 0, '2019-07-23 16:21:01', '2019-07-23 16:21:01'),
(243, 11, 'Rosalee Wehner', 'Ut deleniti aut enim tempora. Sunt hic voluptatem illum neque odio officia. Molestiae corporis quia quos rerum.', 2, '2019-07-23 16:21:01', '2019-07-23 16:21:01'),
(244, 5, 'Devon Gaylord V', 'Minima maxime eum consequatur qui temporibus. Veritatis possimus sit dolorum nihil. Sed sit molestiae sapiente sint.', 1, '2019-07-23 16:21:01', '2019-07-23 16:21:01'),
(245, 6, 'Miss Sincere Nienow', 'Esse nemo voluptas ad nostrum necessitatibus sit iure. Quia molestiae tempore inventore eius blanditiis repellat rerum. Ut labore dolorem eos ipsum.', 3, '2019-07-23 16:21:01', '2019-07-23 16:21:01'),
(246, 46, 'Miss Laura Carter II', 'Corrupti officia quo aut nulla. Dolorem doloremque omnis facere ea asperiores et eos porro. Eveniet et et deserunt adipisci adipisci et. Consequatur maxime reprehenderit maxime ut quos aperiam deserunt sapiente.', 5, '2019-07-23 16:21:01', '2019-07-23 16:21:01'),
(247, 12, 'Jarrod Ruecker', 'Nemo eum at reiciendis qui neque ut. Est dolores voluptates et et. Qui ad nihil ullam deleniti. Fugiat hic aut est similique tempora incidunt quia. Voluptas qui ullam occaecati placeat sequi.', 0, '2019-07-23 16:21:01', '2019-07-23 16:21:01'),
(248, 35, 'Gino Glover', 'Vel eos in aut sequi. Eaque nisi reiciendis optio aliquam. Qui aut aut impedit ea autem a qui. Optio harum fuga non.', 1, '2019-07-23 16:21:02', '2019-07-23 16:21:02'),
(249, 7, 'Prof. Elvera Greenfelder DDS', 'Voluptatem ratione non quam deserunt doloribus est animi impedit. Ut atque quis et exercitationem veniam. Rem perferendis voluptatem doloremque sapiente.', 0, '2019-07-23 16:21:02', '2019-07-23 16:21:02'),
(250, 45, 'Alexander Grant V', 'Ut voluptas architecto eligendi molestiae ducimus. Minima eaque culpa accusantium ex. Voluptatibus suscipit occaecati omnis laudantium dolor in.', 0, '2019-07-23 16:21:02', '2019-07-23 16:21:02'),
(251, 44, 'Kyla Heidenreich', 'Quia tempora rem qui delectus eveniet. Deserunt molestiae similique rerum at voluptatum aut. Impedit odit maiores quisquam.', 4, '2019-07-23 16:21:02', '2019-07-23 16:21:02'),
(252, 28, 'Dion Turcotte', 'Ut et in sunt soluta natus dolore qui illum. Voluptatem et sit explicabo molestias voluptas quos nam. Maiores consectetur maxime repellat temporibus eveniet. Et culpa optio exercitationem sit enim.', 4, '2019-07-23 16:21:02', '2019-07-23 16:21:02'),
(253, 17, 'Lilly McClure', 'Rerum deleniti quis consectetur debitis et velit et. Aspernatur praesentium dolor exercitationem porro. Quos possimus sapiente sint rerum nam.', 2, '2019-07-23 16:21:02', '2019-07-23 16:21:02'),
(254, 2, 'Ms. Audra Brekke', 'Voluptatem voluptates autem odit repellendus dolores eius. Quibusdam aut earum consequuntur nesciunt voluptas qui. Omnis facere sit magni voluptates vel tenetur distinctio et.', 0, '2019-07-23 16:21:02', '2019-07-23 16:21:02'),
(255, 13, 'Fannie Lakin I', 'Earum veritatis fuga fugiat hic optio necessitatibus. Reiciendis sit molestiae rerum et ducimus sequi. Sed officia ut qui rerum expedita. Exercitationem facilis eius suscipit eos aut quos ea quas.', 2, '2019-07-23 16:21:02', '2019-07-23 16:21:02'),
(256, 30, 'Neoma Pollich', 'Dolorem voluptatem cum deserunt voluptas praesentium illum. Doloribus quae veniam necessitatibus quae eos velit eveniet. Dolor error totam omnis debitis voluptatem sapiente quo. Sed ut delectus exercitationem sit exercitationem.', 5, '2019-07-23 16:21:02', '2019-07-23 16:21:02'),
(257, 17, 'Mrs. Hulda Bailey', 'Vel amet alias necessitatibus maxime dolor voluptatem enim exercitationem. Soluta omnis non similique consequatur dolore. Tempora ducimus dolor facere pariatur inventore.', 2, '2019-07-23 16:21:02', '2019-07-23 16:21:02'),
(258, 16, 'Adolfo Sanford', 'Ut sint atque modi enim autem placeat qui. Distinctio officiis earum molestias qui veniam voluptas molestias. Doloremque voluptatibus vero facilis qui eos.', 3, '2019-07-23 16:21:02', '2019-07-23 16:21:02'),
(259, 45, 'Kayden Monahan', 'Quibusdam quas recusandae minima qui. Aut est odio iusto ut autem nemo beatae qui. Molestiae itaque ut tempora sed autem doloremque. Vitae autem voluptas voluptatem magnam consequatur non.', 3, '2019-07-23 16:21:02', '2019-07-23 16:21:02'),
(260, 9, 'Whitney Johns', 'Ducimus quisquam in sed consequatur fugiat qui. Est enim velit facere magnam libero aut sint. Numquam deleniti vel vel et. Debitis expedita est eligendi aut maxime.', 1, '2019-07-23 16:21:02', '2019-07-23 16:21:02'),
(261, 36, 'Alva Ferry', 'Optio ab officiis consequuntur consequuntur itaque temporibus non laboriosam. Ea vel aut est voluptas quia eos repellendus. Debitis ut sint reiciendis cupiditate qui cupiditate accusantium. Tenetur ipsa velit quos. Aut voluptatem vitae aut vero laboriosam voluptatem rerum et.', 4, '2019-07-23 16:21:02', '2019-07-23 16:21:02'),
(262, 43, 'Alek Bergstrom', 'Vero eveniet delectus repellendus numquam quam. Veritatis maxime repellendus omnis ut. Distinctio sint deserunt in omnis voluptatibus. Eveniet qui rerum fuga ratione qui dolorem repellat qui.', 1, '2019-07-23 16:21:03', '2019-07-23 16:21:03'),
(263, 48, 'Dr. Devin Yundt', 'Iusto tempore et minus libero ad sint. Error et voluptates excepturi libero provident accusantium. Quia nam laboriosam officia quo. Ipsa ratione debitis fugit veritatis numquam.', 4, '2019-07-23 16:21:03', '2019-07-23 16:21:03'),
(264, 18, 'Jane Kautzer', 'Sequi reiciendis quas mollitia. Delectus nostrum omnis cumque iste in autem qui. Voluptatem omnis in facere accusamus.', 5, '2019-07-23 16:21:03', '2019-07-23 16:21:03'),
(265, 8, 'Molly Tillman I', 'At quia at necessitatibus aspernatur dicta alias deleniti. Laborum dolores at alias neque atque praesentium ut. Voluptate vel dignissimos minima inventore. Fugit praesentium porro nemo eos est accusamus a iste.', 4, '2019-07-23 16:21:03', '2019-07-23 16:21:03'),
(266, 11, 'Mr. Camren Greenholt', 'Occaecati pariatur culpa sed quo enim quaerat. Sint possimus in autem iste quisquam. Magnam in maiores officia cumque. Occaecati temporibus quia aperiam vel placeat.', 1, '2019-07-23 16:21:03', '2019-07-23 16:21:03'),
(267, 2, 'Regan Greenfelder', 'Reprehenderit rerum et ut et. Ipsum assumenda quae qui rerum. Voluptatem eum est est amet tempore dolore. Facere reprehenderit nihil sit placeat atque. Maxime sequi excepturi laudantium tempore id suscipit totam.', 2, '2019-07-23 16:21:03', '2019-07-23 16:21:03'),
(268, 4, 'Melody Botsford', 'Aut sint minima maiores cumque. Autem qui quod repellat aliquid excepturi iste. Voluptatem assumenda officia aut ut. Omnis deleniti eum libero vel eos aut.', 0, '2019-07-23 16:21:03', '2019-07-23 16:21:03'),
(269, 35, 'Shyanne Bauch', 'Non est cum dolorem dicta recusandae. Labore possimus deleniti quo dolores. Eligendi veritatis aut accusantium dolorem possimus. Sed atque eius recusandae hic expedita.', 3, '2019-07-23 16:21:04', '2019-07-23 16:21:04'),
(270, 1, 'Ludie Keeling', 'Aut voluptates ad sit qui. Occaecati sint voluptatum nihil est delectus. Ducimus voluptas odio nulla ut doloremque.', 3, '2019-07-23 16:21:04', '2019-07-23 16:21:04'),
(271, 7, 'Thurman Lynch Jr.', 'Sit eum laborum consequatur omnis consequatur aspernatur est. Eum nisi esse omnis voluptas inventore dolorum. Ad perspiciatis molestiae et animi nostrum. Perferendis eveniet veritatis quis commodi quibusdam qui est.', 2, '2019-07-23 16:21:04', '2019-07-23 16:21:04'),
(272, 48, 'Luigi O\'Conner', 'Atque quo dignissimos laudantium. Qui architecto et voluptas praesentium commodi quidem natus. Unde aut fugiat ipsam officiis deserunt.', 2, '2019-07-23 16:21:04', '2019-07-23 16:21:04'),
(273, 42, 'Vickie Yundt', 'Nihil saepe odio aliquam et. Consequatur dolor et commodi placeat dignissimos animi. Consequatur quasi fugit est fugiat consequatur. Et qui distinctio molestiae nisi.', 3, '2019-07-23 16:21:04', '2019-07-23 16:21:04'),
(274, 19, 'Kaitlin Walsh', 'Rerum eveniet deserunt quos veniam quidem laudantium. Rerum officiis et et magnam omnis voluptate. Rerum qui et suscipit quis est doloribus rem.', 2, '2019-07-23 16:21:04', '2019-07-23 16:21:04'),
(275, 27, 'Cathy Considine', 'Perspiciatis magni sit suscipit qui. Cupiditate autem cum quaerat quis maiores nostrum voluptatem. Omnis est neque consequuntur totam illum sapiente voluptates.', 0, '2019-07-23 16:21:04', '2019-07-23 16:21:04'),
(276, 12, 'Mr. Sheridan Schmidt MD', 'Exercitationem nobis modi a officiis itaque. Id est sit repudiandae quas necessitatibus explicabo consectetur. Officiis natus beatae est maxime dolorem facere. Quos atque dolores aut et consequatur.', 5, '2019-07-23 16:21:04', '2019-07-23 16:21:04'),
(277, 26, 'Catharine Kub', 'Aspernatur beatae sint saepe enim non. Sed omnis mollitia non fuga sunt nostrum sunt. Saepe aperiam eum exercitationem optio.', 5, '2019-07-23 16:21:05', '2019-07-23 16:21:05'),
(278, 27, 'Prof. Virgie Windler', 'Culpa dolore nesciunt illum soluta soluta sint aut sunt. Tempore accusantium unde ut repellendus similique. Odit quidem fuga alias sunt occaecati. At illum dignissimos optio laudantium rerum. Animi libero ea eum dolores rerum quibusdam.', 2, '2019-07-23 16:21:05', '2019-07-23 16:21:05'),
(279, 45, 'Jazmin Runte', 'Assumenda et enim natus eaque aliquam alias. Sint eos adipisci quo ut. Sit fugit ducimus molestiae a.', 3, '2019-07-23 16:21:05', '2019-07-23 16:21:05'),
(280, 26, 'Jaida Batz', 'Doloribus sequi architecto magnam voluptatum. Sint omnis reiciendis velit ducimus totam nulla. Eaque iste aspernatur distinctio laudantium dolorum minus repellat.', 4, '2019-07-23 16:21:05', '2019-07-23 16:21:05'),
(281, 39, 'Alford Tillman', 'Totam delectus impedit officiis aut et eum et. Voluptatum eos iure minima sed vel libero optio. Itaque quia blanditiis iure qui similique totam.', 5, '2019-07-23 16:21:05', '2019-07-23 16:21:05'),
(282, 49, 'Jordon Rogahn', 'Repellat non ut eum culpa itaque est fuga et. Eos enim qui id sit enim sed explicabo. Ipsum numquam excepturi beatae perferendis. Omnis tenetur debitis et expedita id est ipsa.', 1, '2019-07-23 16:21:05', '2019-07-23 16:21:05'),
(283, 19, 'Zoe Rogahn', 'Velit reprehenderit aut quibusdam quis. Nihil exercitationem quae et non et ut. Ut dolorem eaque harum aut natus provident. Tempora impedit labore doloremque qui.', 2, '2019-07-23 16:21:06', '2019-07-23 16:21:06'),
(284, 11, 'Prof. Bella Hickle DVM', 'Quas nemo ad et vero. Qui assumenda ut rem. Aut eum voluptatem hic sunt earum in.', 1, '2019-07-23 16:21:06', '2019-07-23 16:21:06'),
(285, 2, 'Daron Rippin', 'Ut assumenda qui sunt ut eius perspiciatis. Blanditiis accusamus dolores qui maxime sint placeat porro. Aliquid asperiores sequi necessitatibus sint alias a accusantium.', 0, '2019-07-23 16:21:06', '2019-07-23 16:21:06'),
(286, 38, 'Mrs. Ila Gutkowski', 'Ex eius explicabo assumenda atque dolorum. Cupiditate voluptatem iure accusantium sunt neque.', 5, '2019-07-23 16:21:06', '2019-07-23 16:21:06'),
(287, 42, 'Rita Ratke', 'Vel autem accusamus quis quasi. Aut ut eos facilis illo. Suscipit nostrum rerum dolores necessitatibus ipsa. Temporibus incidunt et quos nihil laboriosam unde molestiae.', 0, '2019-07-23 16:21:06', '2019-07-23 16:21:06'),
(288, 15, 'Vilma Pouros', 'Ut et id maxime consequatur voluptas. Ab est perspiciatis adipisci quia minima nulla. Perspiciatis aspernatur quam perspiciatis et magni enim.', 1, '2019-07-23 16:21:06', '2019-07-23 16:21:06'),
(289, 12, 'Dax Upton', 'Soluta magnam explicabo atque distinctio facere. Assumenda et perferendis quas alias. Ut quia facere modi rerum non sint voluptatum. Tempore quis odio occaecati ad praesentium consequatur.', 1, '2019-07-23 16:21:07', '2019-07-23 16:21:07'),
(290, 42, 'Melody Tillman PhD', 'Incidunt a distinctio distinctio incidunt autem voluptas magni. Dolores vitae aliquid quasi sit et. Iste ratione repellat in ipsa.', 0, '2019-07-23 16:21:07', '2019-07-23 16:21:07'),
(291, 8, 'Reilly Gleichner', 'Nesciunt rerum et temporibus architecto quae ab. Totam assumenda autem sit aut. Officiis doloremque sit ab consequatur perspiciatis quo cumque.', 3, '2019-07-23 16:21:07', '2019-07-23 16:21:07'),
(292, 21, 'Nathaniel Jacobs', 'Libero vel quam quia ut dolores. Repellat excepturi corporis pariatur. Voluptas soluta et repellendus neque culpa nobis id.', 4, '2019-07-23 16:21:07', '2019-07-23 16:21:07'),
(293, 29, 'Lillian Ondricka', 'Molestiae perspiciatis assumenda perferendis expedita dolor voluptatem. Velit inventore inventore tenetur quibusdam ducimus quia quia. Saepe illo possimus dolor eius omnis.', 0, '2019-07-23 16:21:07', '2019-07-23 16:21:07'),
(294, 38, 'Alanna Wilkinson', 'Placeat sunt dolores id quam debitis nihil. Minima odio rem voluptates ut accusantium veritatis. Sed magni praesentium ut quam et hic culpa.', 4, '2019-07-23 16:21:07', '2019-07-23 16:21:07'),
(295, 44, 'Mable Feil', 'Sit sit dolores expedita architecto qui sit dolores eum. Voluptas excepturi autem commodi odit occaecati. Eveniet eos laboriosam magnam dolore incidunt sit. Aspernatur minus molestias rerum animi est alias.', 3, '2019-07-23 16:21:07', '2019-07-23 16:21:07'),
(296, 17, 'Mr. Kelton Wisoky', 'Voluptatem itaque ut laborum accusantium a id sed nulla. Vel eos et reprehenderit ut. Repudiandae officiis natus ut quis eius fugit.', 4, '2019-07-23 16:21:07', '2019-07-23 16:21:07'),
(297, 6, 'Gus Greenfelder', 'Reprehenderit at odio recusandae eveniet. Aliquid quasi a illum deserunt rerum. Et nobis voluptatem voluptates et. Nemo sit harum quasi nemo quis quisquam iusto.', 0, '2019-07-23 16:21:07', '2019-07-23 16:21:07'),
(298, 48, 'Bill Larson', 'Consequatur aliquid vitae minima magnam dolorem. Harum cum culpa a nobis molestiae aut. Ea ut distinctio quibusdam modi.', 1, '2019-07-23 16:21:07', '2019-07-23 16:21:07'),
(299, 6, 'Harmony Ferry', 'Impedit et temporibus adipisci alias quia. Consequatur eos quia explicabo magnam explicabo. A rerum eligendi ex dolore.', 1, '2019-07-23 16:21:08', '2019-07-23 16:21:08'),
(300, 26, 'Prof. Jimmie Brakus', 'Rerum esse rerum nesciunt occaecati. Ipsam iste neque qui ipsa. Consequatur eveniet assumenda dolores cum. Qui in consequuntur saepe ut id.', 2, '2019-07-23 16:21:08', '2019-07-23 16:21:08');

-- --------------------------------------------------------

--
-- Table structure for table `users`
--

CREATE TABLE `users` (
  `id` bigint(20) UNSIGNED NOT NULL,
  `name` varchar(255) COLLATE utf8mb4_unicode_ci NOT NULL,
  `email` varchar(255) COLLATE utf8mb4_unicode_ci NOT NULL,
  `email_verified_at` timestamp NULL DEFAULT NULL,
  `password` varchar(255) COLLATE utf8mb4_unicode_ci NOT NULL,
  `remember_token` varchar(100) COLLATE utf8mb4_unicode_ci DEFAULT NULL,
  `created_at` timestamp NULL DEFAULT NULL,
  `updated_at` timestamp NULL DEFAULT NULL
) ENGINE=InnoDB DEFAULT CHARSET=utf8mb4 COLLATE=utf8mb4_unicode_ci;

--
-- Indexes for dumped tables
--

--
-- Indexes for table `migrations`
--
ALTER TABLE `migrations`
  ADD PRIMARY KEY (`id`);

--
-- Indexes for table `password_resets`
--
ALTER TABLE `password_resets`
  ADD KEY `password_resets_email_index` (`email`);

--
-- Indexes for table `products`
--
ALTER TABLE `products`
  ADD PRIMARY KEY (`id`);

--
-- Indexes for table `reviews`
--
ALTER TABLE `reviews`
  ADD PRIMARY KEY (`id`);

--
-- Indexes for table `users`
--
ALTER TABLE `users`
  ADD PRIMARY KEY (`id`),
  ADD UNIQUE KEY `users_email_unique` (`email`);

--
-- AUTO_INCREMENT for dumped tables
--

--
-- AUTO_INCREMENT for table `migrations`
--
ALTER TABLE `migrations`
  MODIFY `id` int(10) UNSIGNED NOT NULL AUTO_INCREMENT, AUTO_INCREMENT=4;

--
-- AUTO_INCREMENT for table `products`
--
ALTER TABLE `products`
  MODIFY `id` bigint(20) UNSIGNED NOT NULL AUTO_INCREMENT, AUTO_INCREMENT=51;

--
-- AUTO_INCREMENT for table `reviews`
--
ALTER TABLE `reviews`
  MODIFY `id` bigint(20) UNSIGNED NOT NULL AUTO_INCREMENT, AUTO_INCREMENT=301;

--
-- AUTO_INCREMENT for table `users`
--
ALTER TABLE `users`
  MODIFY `id` bigint(20) UNSIGNED NOT NULL AUTO_INCREMENT;
COMMIT;

/*!40101 SET CHARACTER_SET_CLIENT=@OLD_CHARACTER_SET_CLIENT */;
/*!40101 SET CHARACTER_SET_RESULTS=@OLD_CHARACTER_SET_RESULTS */;
/*!40101 SET COLLATION_CONNECTION=@OLD_COLLATION_CONNECTION */;
